"experiment_id","sample_name_abbreviation","time_point","component_group_name","component_name","n_replicates_broth","calculated_concentration_broth_average","calculated_concentration_broth_cv","n_replicates_filtrate","calculated_concentration_filtrate_average","calculated_concentration_filtrate_cv","n_replicates","calculated_concentration_average","calculated_concentration_cv","calculated_concentration_units","extracellular_percent","used_"
"rpomut02","OxicRph-pyrE82","0","23dpg","23dpg.23dpg_1.Light",4,0.02226011875,17.4271525943159,2,0.005709434,0,4,0.01655068475,23.4389387559232,"mM",25.6487131273727,t
"rpomut02","OxicRph-pyrE82","0","accoa","accoa.accoa_1.Light",4,2.10188884825,28.1346462522762,0,0,0,4,2.10188884825,28.1346462522762,"mM",0,t
"rpomut02","OxicRph-pyrE82","0","acon-C","acon-C.acon-C_1.Light",4,0.1305685505,12.8838743830518,2,0.068433039,0,4,0.0621355115,27.0735488033948,"mM",52.4115790042411,t
"rpomut02","OxicRph-pyrE82","0","ade","ade.ade_1.Light",4,0.005892465,11.0577829775572,2,0.002284681,0,4,0.003607784,18.0602827588491,"mM",38.7729244043028,t
"rpomut02","OxicRph-pyrE82","0","adp","adp.adp_1.Light",4,0.19284664475,23.3976492729964,2,0.001065665,0,4,0.19178097975,23.5276624575417,"mM",0.55259711745646,t
"rpomut02","OxicRph-pyrE82","0","adpglc","adpglc.adpglc_1.Light",4,0.00313025175,19.0054333862227,0,0,0,4,0.00313025175,19.0054333862227,"mM",0,t
"rpomut02","OxicRph-pyrE82","0","AICAr","AICAr.AICAr_1.Light",4,1254.0354952,24.9845140477694,2,543.2204283,0,4,710.8150669,44.0782263984195,"height_ratio",43.3177872858666,t
"rpomut02","OxicRph-pyrE82","0","akg","akg.akg_1.Light",4,0.03404985775,31.5861821053042,0,0,0,4,0.03404985775,31.5861821053042,"mM",0,t
"rpomut02","OxicRph-pyrE82","0","amp","amp.amp_1.Light",4,0.05809204675,12.044013578195,0,0,0,4,0.05809204675,12.044013578195,"mM",0,t
"rpomut02","OxicRph-pyrE82","0","asn-L","asn-L.asn-L_1.Light",4,0.239956204,23.3633918315434,2,0.026014025,0,4,0.213942179,26.2042335114375,"mM",10.8411554135104,t
"rpomut02","OxicRph-pyrE82","0","atp","atp.atp_1.Light",6,2.13647427343254,48.0447169576083,0,0,0,6,2.13647427343254,48.0447169576083,"mM",0,t
"rpomut02","OxicRph-pyrE82","0","camp","camp.camp_1.Light",4,0.0068595965,29.6480759853521,2,0.002640865,0,4,0.0042187315,48.2073434303309,"mM",38.4988388165397,t
"rpomut02","OxicRph-pyrE82","0","chor","chor.chor_1.Light",4,6.856049976,28.5067132505658,2,1.767076739,0,4,5.088973237,38.4052816934436,"mM",25.7739769281985,t
"rpomut02","OxicRph-pyrE82","0","cit","cit.cit_1.Light",4,1.2555984355,38.5760841970817,2,0.126069417,0,4,1.1295290185,42.8816525934805,"mM",10.0405841099823,t
"rpomut02","OxicRph-pyrE82","0","citr-L","citr-L.citr-L_1.Light",4,0.03500246025,11.4055061540463,2,0.00311355,0,4,0.03188891025,12.5191100184471,"mM",8.89523187159394,t
"rpomut02","OxicRph-pyrE82","0","cmp","cmp.cmp_1.Light",4,0.0489001865,8.64907297406111,0,0,0,4,0.0489001865,8.64907297406111,"mM",0,t
"rpomut02","OxicRph-pyrE82","0","coa","coa.coa_1.Light",4,0.20345352825,14.8252598653831,0,0,0,4,0.20345352825,14.8252598653831,"mM",0,t
"rpomut02","OxicRph-pyrE82","0","ctp","ctp.ctp_1.Light",4,0.07475240425,18.133524965687,0,0,0,4,0.07475240425,18.133524965687,"mM",0,t
"rpomut02","OxicRph-pyrE82","0","dadp","dadp.dadp_1.Light",4,0.0132724115,14.8220482873362,0,0,0,4,0.0132724115,14.8220482873362,"mM",0,t
"rpomut02","OxicRph-pyrE82","0","damp","damp.damp_1.Light",4,0.00133658125,26.6044994604671,0,0,0,4,0.00133658125,26.6044994604671,"mM",0,t
"rpomut02","OxicRph-pyrE82","0","datp","datp.datp_1.Light",4,0.02898970425,5.2749634646125,0,0,0,4,0.02898970425,5.2749634646125,"mM",0,t
"rpomut02","OxicRph-pyrE82","0","dcdp","dcdp.dcdp_1.Light",4,0.02681040525,14.0506614120819,2,0.008448676,0,4,0.01836172925,20.5157107677346,"mM",31.5126754751311,t
"rpomut02","OxicRph-pyrE82","0","dcmp","dcmp.dcmp_1.Light",4,0.0014977695,31.2971669088117,0,0,0,4,0.0014977695,31.2971669088117,"mM",0,t
"rpomut02","OxicRph-pyrE82","0","dctp","dctp.dctp_1.Light",4,0.02465385375,7.14816068729023,0,0,0,4,0.02465385375,7.14816068729023,"mM",0,t
"rpomut02","OxicRph-pyrE82","0","ditp","ditp.ditp_1.Light",4,0.0146652735,39.7086189126661,2,0.006493427,0,4,0.0081718465,71.2614654058322,"mM",44.2775717752553,t
"rpomut02","OxicRph-pyrE82","0","dtmp","dtmp.dtmp_1.Light",4,0.01138074425,6.32675539520961,2,0.00011,0,4,0.01127074425,6.38850314478462,"mM",0.96654487249373,t
"rpomut02","OxicRph-pyrE82","0","dttp","dttp.dttp_1.Light",4,0.0342291565,7.06172633352715,2,0.001067487,0,4,0.0331616695,7.28904604246394,"mM",3.11864827869772,t
"rpomut02","OxicRph-pyrE82","0","dump","dump.dump_1.Light",4,0.00251253225,13.5609210339586,0,0,0,4,0.00251253225,13.5609210339586,"mM",0,t
"rpomut02","OxicRph-pyrE82","0","f1p","f1p.f1p_1.Light",4,0.06455251875,7.70006780540292,0,0,0,4,0.06455251875,7.70006780540292,"mM",0,t
"rpomut02","OxicRph-pyrE82","0","f6p","f6p.f6p_1.Light",4,0.553047725,8.99165861034385,2,0.015404568,0,4,0.537643157,9.24928788487738,"mM",2.7853957811688,t
"rpomut02","OxicRph-pyrE82","0","fad","fad.fad_1.Light",4,0.02166926625,27.8305981070966,0,0,0,4,0.02166926625,27.8305981070966,"mM",0,t
"rpomut02","OxicRph-pyrE82","0","fdp","fdp.fdp_1.Light",4,1.1640044835,3.27128463695432,2,0.011564953,0,4,1.1524395305,3.30411260933356,"mM",0.993548836274736,t
"rpomut02","OxicRph-pyrE82","0","fum","fum.fum_1.Light",4,0.36273459675,12.378963598095,2,0.156198351,89.5910277567527,4,0.20653624575,71.1581064413577,"mM",43.0613325553982,t
"rpomut02","OxicRph-pyrE82","0","g1p","g1p.g1p_1.Light",4,0.08612715975,27.0878768884403,2,0.014627849,0,4,0.07149931075,32.6297117494805,"mM",16.9840141512387,t
"rpomut02","OxicRph-pyrE82","0","g6p","g6p.g6p_1.Light",4,0.66002217375,16.8698853200487,0,0,0,4,0.66002217375,16.8698853200487,"mM",0,t
"rpomut02","OxicRph-pyrE82","0","g6p","g6p.g6p_2.Light",4,0.57026431125,9.51377610822866,0,0,0,4,0.57026431125,9.51377610822866,"mM",0,t
"rpomut02","OxicRph-pyrE82","0","gam6p","gam6p.gam6p_1.Light",4,0.07321560525,14.1472612127094,0,0,0,4,0.07321560525,14.1472612127094,"mM",0,t
"rpomut02","OxicRph-pyrE82","0","gdp","gdp.gdp_1.Light",4,0.1263345245,17.3182056127073,0,0,0,4,0.1263345245,17.3182056127073,"mM",0,t
"rpomut02","OxicRph-pyrE82","0","gln-L","gln-L.gln-L_1.Light",4,1.4220702845,3.62735184751345,0,0,0,4,1.4220702845,3.62735184751345,"mM",0,t
"rpomut02","OxicRph-pyrE82","0","glu-L","glu-L.glu-L_1.Light",4,14.662487165,5.41917113060607,2,0.032542515,0,4,14.62994465,5.43122541119457,"mM",0.221944030598577,t
"rpomut02","OxicRph-pyrE82","0","glx","glx.glx_1.Light",4,0.7345401,61.2724620707039,2,0.157386108,0,4,0.577153992,77.9810605843666,"mM",21.4264827747321,t
"rpomut02","OxicRph-pyrE82","0","glyc3p","glyc3p.glyc3p_1.Light",4,0.14262122475,20.3860917726238,2,0.024960727,0,4,0.11766049775,24.7108369595309,"mM",17.5014111986161,t
"rpomut02","OxicRph-pyrE82","0","glyclt","glyclt.glyclt_1.Light",4,0.162922198,43.0960404969578,2,0.048312888,0,4,0.11460931,61.2629256982821,"mM",29.65396280745,t
"rpomut02","OxicRph-pyrE82","0","gsn","gsn.gsn_1.Light",4,0.00114530725,25.5692398543824,0,0,0,4,0.00114530725,25.5692398543824,"mM",0,t
"rpomut02","OxicRph-pyrE82","0","gthox","gthox.gthox_1.Light",4,0.38308351225,15.8669433893975,2,0.00036,0,4,0.38272351225,15.88186826189,"mM",0.0939742871953895,t
"rpomut02","OxicRph-pyrE82","0","gthrd","gthrd.gthrd_1.Light",3,3.45919585,5.14358194878895,0,0,0,3,3.45919585,5.14358194878895,"mM",0,t
"rpomut02","OxicRph-pyrE82","0","gtp","gtp.gtp_1.Light",4,0.362246122,5.35852466627249,0,0,0,4,0.362246122,5.35852466627249,"mM",0,t
"rpomut02","OxicRph-pyrE82","0","hxan","hxan.hxan_1.Light",4,0.000387769,27.6178895792083,2,0.000108,0,4,0.000279769,38.2792997946163,"mM",27.8516333177742,t
"rpomut02","OxicRph-pyrE82","0","icit","icit.icit_2.Light",4,0.0104156195,17.7530965847966,2,0.004928586,0,4,0.0054870335,33.6993566694993,"mM",47.3191825027786,t
"rpomut02","OxicRph-pyrE82","0","imp","imp.imp_1.Light",4,0.0164843975,13.1618305074412,0,0,0,4,0.0164843975,13.1618305074412,"mM",0,t
"rpomut02","OxicRph-pyrE82","0","ins","ins.ins_1.Light",4,0.002129288,25.4272875431791,2,0.000638788,0,4,0.0014905,36.3247354835564,"mM",30.0000751424889,t
"rpomut02","OxicRph-pyrE82","0","itp","itp.itp_1.Light",4,0.0039483395,17.2595061815159,0,0,0,4,0.0039483395,17.2595061815159,"mM",0,t
"rpomut02","OxicRph-pyrE82","0","lac-L","lac-L.lac-L_1.Light",4,0.7969362325,5.67797525076254,2,0.421696101,0,4,0.3752401315,12.0589026191911,"mM",52.9146603959935,t
"rpomut02","OxicRph-pyrE82","0","mal-L","mal-L.mal-L_1.Light",4,1.20518968325,4.49466287026622,2,0.039914744,0,4,1.16527493925,4.64862080052811,"mM",3.31190554937071,t
"rpomut02","OxicRph-pyrE82","0","malcoa","malcoa.malcoa_1.Light",2,8.144647018,50.0125775002617,0,0,0,2,8.144647018,50.0125775002617,"height_ratio",0,t
"rpomut02","OxicRph-pyrE82","0","met-L","met-L.met-L_1.Light",4,0.02560645775,14.9609113610189,0,0,0,4,0.02560645775,14.9609113610189,"mM",0,t
"rpomut02","OxicRph-pyrE82","0","mmal","mmal.mmal_1.Light",4,0.01025860875,8.36825165375853,2,0.001450995,0,4,0.00880761375,9.74686470980284,"mM",14.1441694030879,t
"rpomut02","OxicRph-pyrE82","0","nad","nad.nad_1.Light",4,0.3974494075,5.0781561954806,0,0,0,4,0.3974494075,5.0781561954806,"mM",0,t
"rpomut02","OxicRph-pyrE82","0","nadh","nadh.nadh_1.Light",4,0.004246523,47.734077178669,0,0,0,4,0.004246523,47.734077178669,"mM",0,t
"rpomut02","OxicRph-pyrE82","0","nadp","nadp.nadp_1.Light",4,0.079391077,15.7149795970886,2,0.00024128,0,4,0.079149797,15.7628850930078,"mM",0.303913247076872,t
"rpomut02","OxicRph-pyrE82","0","nadph","nadph.nadph_1.Light",4,0.00382278475,10.5231666834367,0,0,0,4,0.00382278475,10.5231666834367,"mM",0,t
"rpomut02","OxicRph-pyrE82","0","pep","pep.pep_1.Light",4,0.02799799925,7.78449927163672,2,0.00207314,0,4,0.02592485925,8.40700436083989,"mM",7.40460052694658,t
"rpomut02","OxicRph-pyrE82","0","phe-L","phe-L.phe-L_1.Light",4,0.02776729875,77.2523209945367,0,0,0,4,0.02776729875,77.2523209945367,"mM",0,t
"rpomut02","OxicRph-pyrE82","0","phpyr","phpyr.phpyr_1.Light",4,0.3232277015,14.7880826159316,2,0.15479881,0,4,0.1684288915,28.3794419767922,"mM",47.891566620567,t
"rpomut02","OxicRph-pyrE82","0","Pool_2pg_3pg","Pool_2pg_3pg.Pool_2pg_3pg_1.Light",4,0.39550712025,1.41033472123175,2,0.009125559,0,4,0.38638156125,1.44364400407308,"mM",2.30730586954585,t
"rpomut02","OxicRph-pyrE82","0","prpp","prpp.prpp_1.Light",4,125.25732495,54.5810464191734,0,0,0,4,125.25732495,54.5810464191734,"height_ratio",0,t
"rpomut02","OxicRph-pyrE82","0","r5p","r5p.r5p_1.Light",4,0.0282538865,9.81041809983311,0,0,0,4,0.0282538865,9.81041809983311,"mM",0,t
"rpomut02","OxicRph-pyrE82","0","s7p","s7p.s7p_1.Light",4,0.07204511025,16.9535520530959,2,0.0348683770863717,37.1192065533576,4,0.0371767331636283,47.8691742225912,"mM",48.3979786627806,t
"rpomut02","OxicRph-pyrE82","0","ser-L","ser-L.ser-L_1.Light",4,0.21693842825,20.7406875307144,2,0.023036833,0,4,0.19390159525,23.2048227758846,"mM",10.6190651355934,t
"rpomut02","OxicRph-pyrE82","0","skm","skm.skm_1.Light",4,0.002739048,12.4024410751334,0,0,0,4,0.002739048,12.4024410751334,"mM",0,t
"rpomut02","OxicRph-pyrE82","0","succ","succ.succ_1.Light",4,0.38735241175,10.1823628085474,2,0.05359512,0,4,0.33375729175,11.8174580412125,"mM",13.8362685694573,t
"rpomut02","OxicRph-pyrE82","0","succoa","succoa.succoa_1.Light",4,41.6305643575,43.2288398133648,2,13.92085744,0,4,27.7097069175,64.9462299730707,"height_ratio",33.4390312858972,t
"rpomut02","OxicRph-pyrE82","0","thr-L","thr-L.thr-L_1.Light",4,0.2725683115,16.4401069437245,0,0,0,4,0.2725683115,16.4401069437245,"mM",0,t
"rpomut02","OxicRph-pyrE82","0","thym","thym.thym_1.Light",4,0.014792856,19.782633167211,2,0.00146665,0,4,0.013326206,21.9598619249452,"mM",9.91458309335263,t
"rpomut02","OxicRph-pyrE82","0","trp-L","trp-L.trp-L_1.Light",4,0.005362701,39.9027838738086,0,0,0,4,0.005362701,39.9027838738086,"mM",0,t
"rpomut02","OxicRph-pyrE82","0","tyr-L","tyr-L.tyr-L_1.Light",4,0.028366395,8.97850456929425,2,0.001324841,0,4,0.027041554,9.41838649960374,"mM",4.67045953495324,t
"rpomut02","OxicRph-pyrE82","0","udp","udp.udp_1.Light",4,0.09357350775,20.6567682233013,0,0,0,4,0.09357350775,20.6567682233013,"mM",0,t
"rpomut02","OxicRph-pyrE82","0","udpg","udpg.udpg_1.Light",4,0.41278353125,8.6150499108273,2,0.003408426,0,4,0.40937510525,8.68677816135057,"mM",0.82571753521235,t
"rpomut02","OxicRph-pyrE82","0","udpglcur","udpglcur.udpglcur_1.Light",4,0.069792838,11.5479279032899,2,0.000540461,0,4,0.069252377,11.6380505089376,"mM",0.774378883976605,t
"rpomut02","OxicRph-pyrE82","0","ump","ump.ump_1.Light",4,0.06860759125,10.3142378570956,0,0,0,4,0.06860759125,10.3142378570956,"mM",0,t
"rpomut02","OxicRph-pyrE82","0","ura","ura.ura_1.Light",4,0.00273921275,35.6332512945683,2,0.000940157,0,4,0.00179905575,54.2546034329595,"mM",34.3221606280856,t
"rpomut02","OxicRph-pyrE82","0","utp","utp.utp_1.Light",4,0.29318379975,8.20113210911921,0,0,0,4,0.29318379975,8.20113210911921,"mM",0,t
"rpomut02","OxicRph-pyrE82","0","xan","xan.xan_1.Light",4,0.0013034615,18.3919243678705,2,0.002045352,5.91521654952302,4,0,0,"mM",156.916947681232,t
"rpomut02","OxicRpoBE546V","0","23dpg","23dpg.23dpg_1.Light",6,0.017686447,22.1175789662439,2,0.0072708055,21.9224334910348,6,0.0104156415,40.5552419550615,"mM",41.1094749555974,t
"rpomut02","OxicRpoBE546V","0","accoa","accoa.accoa_1.Light",6,0.815839571666667,9.86199874540052,0,0,0,6,0.815839571666667,9.86199874540052,"mM",0,t
"rpomut02","OxicRpoBE546V","0","acon-C","acon-C.acon-C_1.Light",6,0.362163727333333,32.0506018109865,2,0.0958318595,7.53610494221914,6,0.266331867833333,43.6673638753101,"mM",26.4609214748326,t
"rpomut02","OxicRpoBE546V","0","ade","ade.ade_1.Light",6,0.00177708766666667,13.5260348240632,2,0.002328778,5.95097514662197,6,0,0,"mM",131.044632388235,t
"rpomut02","OxicRpoBE546V","0","adp","adp.adp_1.Light",6,0.185558837666667,34.1751850184519,2,0.0011156905,55.8651794561305,6,0.184443147166667,34.3835702184748,"mM",0.601259694245444,t
"rpomut02","OxicRpoBE546V","0","adpglc","adpglc.adpglc_1.Light",6,0.0017670235,25.1633975473578,0,0,0,6,0.0017670235,25.1633975473578,"mM",0,t
"rpomut02","OxicRpoBE546V","0","AICAr","AICAr.AICAr_1.Light",6,2782.01553766667,15.235263110292,2,537.7352361,2.00644679308193,6,2244.28030156667,18.8917886237475,"height_ratio",19.3289803316846,t
"rpomut02","OxicRpoBE546V","0","akg","akg.akg_1.Light",6,0.031598272,28.0364176494156,0,0,0,6,0.031598272,28.0364176494156,"mM",0,t
"rpomut02","OxicRpoBE546V","0","amp","amp.amp_1.Light",6,0.077754906,44.6509383648885,0,0,0,6,0.077754906,44.6509383648885,"mM",0,t
"rpomut02","OxicRpoBE546V","0","asn-L","asn-L.asn-L_1.Light",6,0.250351189833333,11.653703346733,2,0.0346221115,11.6367382734586,6,0.215729078333333,13.6523326336881,"mM",13.8294175965567,t
"rpomut02","OxicRpoBE546V","0","atp","atp.atp_1.Light",6,1.51749575791599,9.34008293166765,0,0,0,6,1.51749575791599,9.34008293166765,"mM",0,t
"rpomut02","OxicRpoBE546V","0","camp","camp.camp_1.Light",6,0.0121458933333333,17.4863600787083,2,0.003156199,6.19463474894961,6,0.00898969433333333,23.7255542272068,"mM",25.9857296073735,t
"rpomut02","OxicRpoBE546V","0","chor","chor.chor_1.Light",6,6.3910353355,33.7679763447669,2,1.9657420535,2.25870914349851,6,4.425293282,48.7782357619787,"mM",30.7578029271874,t
"rpomut02","OxicRpoBE546V","0","cit","cit.cit_1.Light",6,0.744429205333333,8.60187626830809,2,0.167068045,7.21544865147611,6,0.577361160333333,11.2857718957824,"mM",22.4424356007355,t
"rpomut02","OxicRpoBE546V","0","citr-L","citr-L.citr-L_1.Light",6,0.0284994368333333,14.6056850832707,2,0.004375561,12.0306630395508,6,0.0241238758333333,17.3922786980205,"mM",15.3531489958506,t
"rpomut02","OxicRpoBE546V","0","cmp","cmp.cmp_1.Light",6,0.028199216,18.7525971546686,0,0,0,6,0.028199216,18.7525971546686,"mM",0,t
"rpomut02","OxicRpoBE546V","0","coa","coa.coa_1.Light",6,0.264267621333333,12.8752042277276,1,0.022201178,0,6,0.242066443333333,14.056056463626,"mM",8.40102086210425,t
"rpomut02","OxicRpoBE546V","0","ctp","ctp.ctp_1.Light",6,0.0514173101666667,21.5238857071375,0,0,0,6,0.0514173101666667,21.5238857071375,"mM",0,t
"rpomut02","OxicRpoBE546V","0","cytd","cytd.cytd_1.Light",6,0.00183606483333333,23.3316960736818,0,0,0,6,0.00183606483333333,23.3316960736818,"mM",0,t
"rpomut02","OxicRpoBE546V","0","dadp","dadp.dadp_1.Light",6,0.0206789546666667,38.0394265128629,0,0,0,6,0.0206789546666667,38.0394265128629,"mM",0,t
"rpomut02","OxicRpoBE546V","0","damp","damp.damp_1.Light",6,0.00162884916666667,24.9587396471496,0,0,0,6,0.00162884916666667,24.9587396471496,"mM",0,t
"rpomut02","OxicRpoBE546V","0","datp","datp.datp_1.Light",6,0.0300025866666667,9.12633720041947,0,0,0,6,0.0300025866666667,9.12633720041947,"mM",0,t
"rpomut02","OxicRpoBE546V","0","dcdp","dcdp.dcdp_1.Light",6,0.0168505123333333,29.104525258235,2,0.008851602,19.390557776999,6,0.00799891033333333,64.9580168425596,"mM",52.5301654032794,t
"rpomut02","OxicRpoBE546V","0","dcmp","dcmp.dcmp_1.Light",2,0.0017171755,17.8559209585741,0,0,0,2,0.0017171755,17.8559209585741,"mM",0,t
"rpomut02","OxicRpoBE546V","0","dctp","dctp.dctp_1.Light",6,0.0232474041666667,14.2631823003358,0,0,0,6,0.0232474041666667,14.2631823003358,"mM",0,t
"rpomut02","OxicRpoBE546V","0","dhap","dhap.dhap_1.Light",3,0.287139404666667,11.1326410640401,0,0,0,3,0.287139404666667,11.1326410640401,"mM",0,t
"rpomut02","OxicRpoBE546V","0","ditp","ditp.ditp_1.Light",6,0.00595135866666667,36.7296431027555,2,0.0033798565,52.2657544780377,6,0.00257150216666667,109.293078975639,"mM",56.7913427723731,t
"rpomut02","OxicRpoBE546V","0","dtmp","dtmp.dtmp_1.Light",6,0.00939432716666667,13.1297374216729,2,0.000126656,20.1388011622031,6,0.00926767116666667,13.312019532219,"mM",1.34821789525711,t
"rpomut02","OxicRpoBE546V","0","dttp","dttp.dttp_1.Light",6,0.0221038911666667,12.4254282661308,2,0.000650212,18.2737322596322,6,0.0214536791666667,12.8139888918826,"mM",2.94161781334021,t
"rpomut02","OxicRpoBE546V","0","dump","dump.dump_1.Light",6,0.00787713016666667,16.1148942728494,0,0,0,6,0.00787713016666667,16.1148942728494,"mM",0,t
"rpomut02","OxicRpoBE546V","0","f1p","f1p.f1p_1.Light",6,0.0342169053333333,15.8484713123214,0,0,0,6,0.0342169053333333,15.8484713123214,"mM",0,t
"rpomut02","OxicRpoBE546V","0","f6p","f6p.f6p_1.Light",6,0.558235700333333,13.7020215471317,2,0.015989879,20.997919996768,6,0.542245821333333,14.119653453361,"mM",2.86435980186365,t
"rpomut02","OxicRpoBE546V","0","fad","fad.fad_1.Light",6,0.0118114781666667,25.3671878058102,0,0,0,6,0.0118114781666667,25.3671878058102,"mM",0,t
"rpomut02","OxicRpoBE546V","0","fdp","fdp.fdp_1.Light",6,0.9505151615,12.391977063564,2,0.011825834,74.2632697194972,6,0.9386893275,12.5829245220375,"mM",1.24414995983207,t
"rpomut02","OxicRpoBE546V","0","fum","fum.fum_1.Light",6,0.5049679535,26.948988667319,2,0.018846446,0.559978257969698,6,0.4861215075,27.9937824979009,"mM",3.73220634485273,t
"rpomut02","OxicRpoBE546V","0","g1p","g1p.g1p_1.Light",2,0.055258955,1.32362618873267,2,0.01639392,19.0272796256173,2,0.038865035,8.24371335068148,"mM",29.6674448512463,t
"rpomut02","OxicRpoBE546V","0","g6p","g6p.g6p_1.Light",6,0.427610618166667,17.1373893962765,1,0.017525651,0,6,0.410084967166667,17.8697837283227,"mM",4.09850697233368,t
"rpomut02","OxicRpoBE546V","0","g6p","g6p.g6p_2.Light",6,0.4544887465,9.25886752178507,1,0.014217462,0,6,0.4402712845,9.5578595337295,"mM",3.12823191101829,t
"rpomut02","OxicRpoBE546V","0","gam6p","gam6p.gam6p_1.Light",6,0.0671663703333333,18.7582101312,0,0,0,6,0.0671663703333333,18.7582101312,"mM",0,t
"rpomut02","OxicRpoBE546V","0","gdp","gdp.gdp_1.Light",6,0.118677520666667,26.4890804418151,0,0,0,6,0.118677520666667,26.4890804418151,"mM",0,t
"rpomut02","OxicRpoBE546V","0","gln-L","gln-L.gln-L_1.Light",6,1.366484554,14.5555060014882,0,0,0,6,1.366484554,14.5555060014882,"mM",0,t
"rpomut02","OxicRpoBE546V","0","glu-L","glu-L.glu-L_1.Light",6,11.539279595,7.00374704898226,2,0.0293207695,1.85804298212569,6,11.5099588255,7.02159017232463,"mM",0.254095320757327,t
"rpomut02","OxicRpoBE546V","0","glx","glx.glx_1.Light",6,0.2810145035,39.1353656855503,2,0.1612444955,11.6470689072298,6,0.119770008,93.1519123854466,"mM",57.3794211657122,t
"rpomut02","OxicRpoBE546V","0","glyc3p","glyc3p.glyc3p_1.Light",6,0.137967002166667,12.476750104645,2,0.0276540665,11.0194336156673,6,0.110312935666667,15.8471421072659,"mM",20.0439714320917,t
"rpomut02","OxicRpoBE546V","0","glyclt","glyclt.glyclt_1.Light",6,0.130144760666667,28.1965373486174,2,0.0570501705,6.2739418105683,6,0.0730945901666667,50.4421213869894,"mM",43.8359333159172,t
"rpomut02","OxicRpoBE546V","0","gsn","gsn.gsn_1.Light",6,0.000911566166666667,10.9415953308814,0,0,0,6,0.000911566166666667,10.9415953308814,"mM",0,t
"rpomut02","OxicRpoBE546V","0","gthox","gthox.gthox_1.Light",6,0.463053101333333,25.8969071126309,2,0.000447385,90.254478804609,6,0.462605716333333,25.9220989095104,"mM",0.0966163489050785,t
"rpomut02","OxicRpoBE546V","0","gthrd","gthrd.gthrd_1.Light",6,2.52113370633333,11.6628027265666,0,0,0,6,2.52113370633333,11.6628027265666,"mM",0,t
"rpomut02","OxicRpoBE546V","0","gtp","gtp.gtp_1.Light",6,0.192815793,8.31381710519506,0,0,0,6,0.192815793,8.31381710519506,"mM",0,t
"rpomut02","OxicRpoBE546V","0","gua","gua.gua_1.Light",6,0.0013845485,24.6927529750152,0,0,0,6,0.0013845485,24.6927529750152,"mM",0,t
"rpomut02","OxicRpoBE546V","0","hxan","hxan.hxan_1.Light",6,0.00152009483333333,8.37807352707561,2,0.000101691,42.6694594408551,6,0.00141840383333333,9.48556604611555,"mM",6.68977999070014,t
"rpomut02","OxicRpoBE546V","0","icit","icit.icit_2.Light",6,0.0238566168333333,19.261970827325,2,0.0070496705,18.4077326734633,6,0.0168069463333333,28.410700401708,"mM",29.5501686146459,t
"rpomut02","OxicRpoBE546V","0","imp","imp.imp_1.Light",3,0.026091417,32.0714108477645,0,0,0,3,0.026091417,32.0714108477645,"mM",0,t
"rpomut02","OxicRpoBE546V","0","ins","ins.ins_1.Light",6,0.0020537085,14.7238451662578,2,0.0006534185,1.06769245131566,6,0.00140029,21.600191994435,"mM",31.8165163167022,t
"rpomut02","OxicRpoBE546V","0","itp","itp.itp_1.Light",6,0.00169118633333333,28.7910705263184,0,0,0,6,0.00169118633333333,28.7910705263184,"mM",0,t
"rpomut02","OxicRpoBE546V","0","lac-L","lac-L.lac-L_1.Light",6,0.536753135166667,14.6861006578804,2,0.240663913,14.3678932038307,6,0.296089222166667,29.0718569695341,"mM",44.8369831925195,t
"rpomut02","OxicRpoBE546V","0","mal-L","mal-L.mal-L_1.Light",6,1.36884549666667,23.277429911422,2,0.041773042,2.43078299157623,6,1.32707245466667,24.0102692138452,"mM",3.0516988295409,t
"rpomut02","OxicRpoBE546V","0","malcoa","malcoa.malcoa_1.Light",6,8.89587515033333,77.7367379652481,2,5.042777312,9.45711526592988,6,3.85309783833333,179.901681999146,"height_ratio",56.6866916046033,t
"rpomut02","OxicRpoBE546V","0","met-L","met-L.met-L_1.Light",6,0.017369663,7.37371790570098,0,0,0,6,0.017369663,7.37371790570098,"mM",0,t
"rpomut02","OxicRpoBE546V","0","mmal","mmal.mmal_1.Light",6,0.00488027266666667,15.4653453957971,2,0.001355036,0.245159538196775,6,0.00352523666666667,21.4101465036055,"mM",27.7655797647372,t
"rpomut02","OxicRpoBE546V","0","nad","nad.nad_1.Light",6,0.402097608333333,7.1543822959402,0,0,0,6,0.402097608333333,7.1543822959402,"mM",0,t
"rpomut02","OxicRpoBE546V","0","nadh","nadh.nadh_1.Light",6,0.00202785016666667,59.0596427616141,0,0,0,6,0.00202785016666667,59.0596427616141,"mM",0,t
"rpomut02","OxicRpoBE546V","0","nadp","nadp.nadp_1.Light",6,0.0775853581666667,8.89439206315673,1,0.00016592,0,6,0.0774194381666667,8.91345391075038,"mM",0.213854783841528,t
"rpomut02","OxicRpoBE546V","0","nadph","nadph.nadph_1.Light",6,0.00210598,22.4718646878227,0,0,0,6,0.00210598,22.4718646878227,"mM",0,t
"rpomut02","OxicRpoBE546V","0","pep","pep.pep_1.Light",6,0.034514864,5.74016750759363,2,0.0023989615,15.2716706791668,6,0.0321159025,6.27352662624982,"mM",6.95051702941666,t
"rpomut02","OxicRpoBE546V","0","phe-L","phe-L.phe-L_1.Light",6,0.010645303,10.9067798963865,0,0,0,6,0.010645303,10.9067798963865,"mM",0,t
"rpomut02","OxicRpoBE546V","0","phpyr","phpyr.phpyr_1.Light",6,0.8008060725,16.6783413514781,2,0.176679608,0.885693045006076,6,0.6241264645,21.4011654139724,"mM",22.0627208093505,t
"rpomut02","OxicRpoBE546V","0","Pool_2pg_3pg","Pool_2pg_3pg.Pool_2pg_3pg_1.Light",6,0.2635391325,7.19522743039703,2,0.0102724095,3.33945507137347,6,0.253266723,7.48828840730207,"mM",3.89786875389369,t
"rpomut02","OxicRpoBE546V","0","prpp","prpp.prpp_1.Light",6,54.7682112716667,21.7377965400828,0,0,0,6,54.7682112716667,21.7377965400828,"height_ratio",0,t
"rpomut02","OxicRpoBE546V","0","r5p","r5p.r5p_1.Light",6,0.0136174025,10.7041365240771,0,0,0,6,0.0136174025,10.7041365240771,"mM",0,t
"rpomut02","OxicRpoBE546V","0","ru5p-D","ru5p-D.ru5p-D_1.Light",4,0.004929659,22.8693529521514,0,0,0,4,0.004929659,22.8693529521514,"mM",0,t
"rpomut02","OxicRpoBE546V","0","s7p","s7p.s7p_1.Light",6,0.0496803341666667,42.1353203578037,1,0.00470579157128842,0,6,0.0449745425953783,46.544037466439,"mM",9.47214154297255,t
"rpomut02","OxicRpoBE546V","0","ser-L","ser-L.ser-L_1.Light",6,0.110590168833333,21.5790015136964,2,0.0296979745,10.4863666712354,6,0.0808921943333333,29.7514458537643,"mM",26.8540818892833,t
"rpomut02","OxicRpoBE546V","0","skm","skm.skm_1.Light",6,0.00225753983333333,20.0979636724885,0,0,0,6,0.00225753983333333,20.0979636724885,"mM",0,t
"rpomut02","OxicRpoBE546V","0","succ","succ.succ_1.Light",6,0.2600399565,15.0521070765896,2,0.0487365915,2.37364055301241,6,0.211303365,18.5319264127445,"mM",18.741962641422,t
"rpomut02","OxicRpoBE546V","0","succoa","succoa.succoa_1.Light",6,10.1497047058333,53.3266131639098,2,16.17449838,7.31842535199537,6,0,0,"height_ratio",159.359300085884,t
"rpomut02","OxicRpoBE546V","0","thr-L","thr-L.thr-L_1.Light",6,0.243048452666667,20.4156233495152,0,0,0,6,0.243048452666667,20.4156233495152,"mM",0,t
"rpomut02","OxicRpoBE546V","0","thym","thym.thym_1.Light",6,0.00859582983333333,16.8236268756842,2,0.0019063015,8.4736595968686,6,0.00668952833333333,21.7522669190741,"mM",22.1770502320515,t
"rpomut02","OxicRpoBE546V","0","trp-L","trp-L.trp-L_1.Light",2,0.0021966775,44.5109716833718,0,0,0,2,0.0021966775,44.5109716833718,"mM",0,t
"rpomut02","OxicRpoBE546V","0","tyr-L","tyr-L.tyr-L_1.Light",6,0.017510578,14.717331348493,2,0.0018249235,3.82857144422766,6,0.0156856545,16.4356337670436,"mM",10.4218347332681,t
"rpomut02","OxicRpoBE546V","0","udp","udp.udp_1.Light",6,0.0788513023333333,33.8393299266494,0,0,0,6,0.0788513023333333,33.8393299266494,"mM",0,t
"rpomut02","OxicRpoBE546V","0","udpg","udpg.udpg_1.Light",6,0.2853494765,16.7454709299096,2,0.003243876,18.5848349320381,6,0.2821056005,16.9393718283116,"mM",1.13680811326107,t
"rpomut02","OxicRpoBE546V","0","udpglcur","udpglcur.udpglcur_1.Light",6,0.0356812263333333,6.99632586702959,2,0.000440495,4.46951724764186,6,0.0352407313333333,7.08399743142968,"mM",1.23452875718145,t
"rpomut02","OxicRpoBE546V","0","ump","ump.ump_1.Light",6,0.044664822,26.5778395955519,0,0,0,6,0.044664822,26.5778395955519,"mM",0,t
"rpomut02","OxicRpoBE546V","0","ura","ura.ura_1.Light",6,0.00528536633333333,32.1829460286297,2,0.0009630405,5.81953718457324,6,0.00432232583333333,39.3748572697989,"mM",18.2208845946282,t
"rpomut02","OxicRpoBE546V","0","utp","utp.utp_1.Light",6,0.151434490333333,7.36200628578043,0,0,0,6,0.151434490333333,7.36200628578043,"mM",0,t
"rpomut02","OxicRpoBE546V","0","xan","xan.xan_1.Light",6,0.000682647666666667,17.2308768841855,2,0.000527723,10.0573596375371,6,0.000154924666666667,83.2959762413573,"mM",77.3053253923571,t
"rpomut02","OxicRpoBE672K","0","23dpg","23dpg.23dpg_1.Light",6,0.0136717476666667,29.9285871739926,2,0.004148062,10.3673715580915,6,0.00952368566666667,43.2006883806013,"mM",30.3403932045459,t
"rpomut02","OxicRpoBE672K","0","accoa","accoa.accoa_1.Light",6,0.940230235166667,7.0948111518877,0,0,0,6,0.940230235166667,7.0948111518877,"mM",0,t
"rpomut02","OxicRpoBE672K","0","acon-C","acon-C.acon-C_1.Light",6,0.176078384166667,16.6045050436279,2,0.0410342175,6.64603023074584,6,0.135044166666667,21.7438931461796,"mM",23.304517300181,t
"rpomut02","OxicRpoBE672K","0","ade","ade.ade_1.Light",6,0.0024236475,9.3676041475519,2,0.0021168915,5.67660175308938,6,0.000306756,83.7401967784073,"mM",87.34320894437,t
"rpomut02","OxicRpoBE672K","0","adp","adp.adp_1.Light",6,0.114931792333333,12.5818603535489,2,0.0010156395,47.9347741004559,6,0.113916152833333,12.7012282670425,"mM",0.883688907464673,t
"rpomut02","OxicRpoBE672K","0","adpglc","adpglc.adpglc_1.Light",6,0.00178079383333333,12.1088007427041,0,0,0,6,0.00178079383333333,12.1088007427041,"mM",0,t
"rpomut02","OxicRpoBE672K","0","AICAr","AICAr.AICAr_1.Light",6,2634.00632666667,13.3958211302704,2,548.70562045,7.32207304839536,6,2085.30070621667,17.0300019140499,"height_ratio",20.8315984246092,t
"rpomut02","OxicRpoBE672K","0","akg","akg.akg_1.Light",6,0.0218020386666667,6.94158207485025,0,0,0,6,0.0218020386666667,6.94158207485025,"mM",0,t
"rpomut02","OxicRpoBE672K","0","amp","amp.amp_1.Light",6,0.262477548166667,24.556314540213,0,0,0,6,0.262477548166667,24.556314540213,"mM",0,t
"rpomut02","OxicRpoBE672K","0","asn-L","asn-L.asn-L_1.Light",6,0.237075977833333,13.2567074133157,2,0.017405938,9.85938821567674,6,0.219670039833333,14.3284388397804,"mM",7.34192395158507,t
"rpomut02","OxicRpoBE672K","0","atp","atp.atp_1.Light",6,1.0319328583075,4.78550219981218,0,0,0,6,1.0319328583075,4.78550219981218,"mM",0,t
"rpomut02","OxicRpoBE672K","0","camp","camp.camp_1.Light",6,0.00882207233333333,10.3778590186687,2,0.002125531,6.14175940035691,6,0.00669654133333333,13.8101506953313,"mM",24.0933299987679,t
"rpomut02","OxicRpoBE672K","0","chor","chor.chor_1.Light",6,4.28060412766667,19.6039199916335,2,1.5684114235,2.88733790263674,6,2.71219270416667,30.9855278041771,"mM",36.6399549391392,t
"rpomut02","OxicRpoBE672K","0","cit","cit.cit_1.Light",6,0.409157481333333,16.7417797631989,2,0.0850707895,5.42697855178598,6,0.324086691833333,21.1843467530034,"mM",20.7916984000335,t
"rpomut02","OxicRpoBE672K","0","citr-L","citr-L.citr-L_1.Light",6,0.025134337,10.5087485796716,2,0.001851538,16.2531905907413,6,0.023282799,11.4178380928488,"mM",7.36656789474893,t
"rpomut02","OxicRpoBE672K","0","cmp","cmp.cmp_1.Light",6,0.0262905733333333,26.0336660158176,0,0,0,6,0.0262905733333333,26.0336660158176,"mM",0,t
"rpomut02","OxicRpoBE672K","0","coa","coa.coa_1.Light",6,0.221724674166667,14.6922195886057,2,0.0080049245,40.1067305506754,6,0.213719749666667,15.3163653819407,"mM",3.61029936342711,t
"rpomut02","OxicRpoBE672K","0","ctp","ctp.ctp_1.Light",6,0.0582092571666667,13.9629388297228,0,0,0,6,0.0582092571666667,13.9629388297228,"mM",0,t
"rpomut02","OxicRpoBE672K","0","cytd","cytd.cytd_1.Light",6,0.00183620666666667,75.4300819709848,0,0,0,6,0.00183620666666667,75.4300819709848,"mM",0,t
"rpomut02","OxicRpoBE672K","0","dadp","dadp.dadp_1.Light",6,0.0153487426666667,18.4192352621199,0,0,0,6,0.0153487426666667,18.4192352621199,"mM",0,t
"rpomut02","OxicRpoBE672K","0","damp","damp.damp_1.Light",6,0.00149775083333333,19.5395280936543,0,0,0,6,0.00149775083333333,19.5395280936543,"mM",0,t
"rpomut02","OxicRpoBE672K","0","datp","datp.datp_1.Light",6,0.0310458751666667,6.08611418897386,0,0,0,6,0.0310458751666667,6.08611418897386,"mM",0,t
"rpomut02","OxicRpoBE672K","0","dcdp","dcdp.dcdp_1.Light",6,0.0159516813333333,16.6745940864571,2,0.008045749,9.30794634533093,6,0.00790593233333333,34.9521586483343,"mM",50.4382505635143,t
"rpomut02","OxicRpoBE672K","0","dcmp","dcmp.dcmp_1.Light",6,0.002133456,43.503408853818,0,0,0,6,0.002133456,43.503408853818,"mM",0,t
"rpomut02","OxicRpoBE672K","0","dctp","dctp.dctp_1.Light",6,0.0272761778333333,9.06658601453866,0,0,0,6,0.0272761778333333,9.06658601453866,"mM",0,t
"rpomut02","OxicRpoBE672K","0","dhap","dhap.dhap_1.Light",6,0.282031213166667,8.04563613829697,0,0,0,6,0.282031213166667,8.04563613829697,"mM",0,t
"rpomut02","OxicRpoBE672K","0","ditp","ditp.ditp_1.Light",6,0.00940360983333333,18.2961462897896,2,0.0096069975,15.1818244982368,6,0,0,"mM",102.162867986565,t
"rpomut02","OxicRpoBE672K","0","dtmp","dtmp.dtmp_1.Light",6,0.0078911095,3.66323727301318,2,9.38e-005,7.24946695095949,6,0.0077973095,3.70833085446236,"mM",1.18867948797314,t
"rpomut02","OxicRpoBE672K","0","dttp","dttp.dttp_1.Light",6,0.0265474591666667,18.641945071927,2,0.001484762,2.75949950227713,6,0.0250626971666667,19.7470061649925,"mM",5.59285915340737,t
"rpomut02","OxicRpoBE672K","0","dump","dump.dump_1.Light",6,0.0122662785,12.5109878524498,0,0,0,6,0.0122662785,12.5109878524498,"mM",0,t
"rpomut02","OxicRpoBE672K","0","f1p","f1p.f1p_1.Light",6,0.0275871685,18.9789176961795,0,0,0,6,0.0275871685,18.9789176961795,"mM",0,t
"rpomut02","OxicRpoBE672K","0","f6p","f6p.f6p_1.Light",6,0.54787076,12.6200346878871,2,0.0148192565,3.41220559884364,6,0.5330515035,12.9712285873229,"mM",2.70488180460662,t
"rpomut02","OxicRpoBE672K","0","fad","fad.fad_1.Light",6,0.0129673656666667,18.8047342092114,0,0,0,6,0.0129673656666667,18.8047342092114,"mM",0,t
"rpomut02","OxicRpoBE672K","0","fdp","fdp.fdp_1.Light",6,0.961115173,24.9747503726648,2,0.0113040715,57.2765264267835,6,0.9498111015,25.2811763899188,"mM",1.17614119697182,t
"rpomut02","OxicRpoBE672K","0","fum","fum.fum_1.Light",6,0.411109306166667,5.87518736205817,2,0.0136708395,7.42783572289031,6,0.397438466666667,6.08264677026101,"mM",3.32535393748974,t
"rpomut02","OxicRpoBE672K","0","g1p","g1p.g1p_1.Light",6,0.065297167,17.470976526781,2,0.0128617785,13.3034595487708,6,0.0524353885,21.9997563063498,"mM",19.6972994249506,t
"rpomut02","OxicRpoBE672K","0","g6p","g6p.g6p_1.Light",6,0.3692663765,11.1745171344675,0,0,0,6,0.3692663765,11.1745171344675,"mM",0,t
"rpomut02","OxicRpoBE672K","0","g6p","g6p.g6p_2.Light",6,0.428963664333333,17.6922648929074,0,0,0,6,0.428963664333333,17.6922648929074,"mM",0,t
"rpomut02","OxicRpoBE672K","0","gam6p","gam6p.gam6p_1.Light",6,0.0575704848333333,24.9989230700127,0,0,0,6,0.0575704848333333,24.9989230700127,"mM",0,t
"rpomut02","OxicRpoBE672K","0","gdp","gdp.gdp_1.Light",6,0.125912097333333,25.9542648309622,0,0,0,6,0.125912097333333,25.9542648309622,"mM",0,t
"rpomut02","OxicRpoBE672K","0","gln-L","gln-L.gln-L_1.Light",6,1.254834538,7.55698347649196,0,0,0,6,1.254834538,7.55698347649196,"mM",0,t
"rpomut02","OxicRpoBE672K","0","glu-L","glu-L.glu-L_1.Light",6,10.0599247135,9.57726513333372,2,0.03576426,3.74866696528882,6,10.0241604535,9.61144426297853,"mM",0.355512203307107,t
"rpomut02","OxicRpoBE672K","0","glx","glx.glx_1.Light",6,0.263529526666667,18.8890250500291,2,0.15352772,78.2951417502976,6,0.110001806666667,118.274404261658,"mM",58.2582612058474,t
"rpomut02","OxicRpoBE672K","0","glyc3p","glyc3p.glyc3p_1.Light",6,0.130836092333333,45.8464542385102,2,0.0222673875,5.644768610597,6,0.108568704833333,55.2616679842329,"mM",17.0193003343978,t
"rpomut02","OxicRpoBE672K","0","glyclt","glyclt.glyclt_1.Light",6,0.0989533823333333,20.1503580550324,2,0.0395756065,48.3531983268532,6,0.0593777758333333,46.5433619802475,"mM",39.9941927873532,t
"rpomut02","OxicRpoBE672K","0","gsn","gsn.gsn_1.Light",4,0.00103817225,7.66292190544165,0,0,0,4,0.00103817225,7.66292190544165,"mM",0,t
"rpomut02","OxicRpoBE672K","0","gthox","gthox.gthox_1.Light",6,0.393734151166667,5.83316696893859,2,0.000271665,28.7747777593728,6,0.393462486166667,5.8372282719919,"mM",0.0689970629154302,t
"rpomut02","OxicRpoBE672K","0","gthrd","gthrd.gthrd_1.Light",4,1.75444011125,19.3393444023109,0,0,0,4,1.75444011125,19.3393444023109,"mM",0,t
"rpomut02","OxicRpoBE672K","0","gtp","gtp.gtp_1.Light",6,0.198660296833333,16.9385719337338,0,0,0,6,0.198660296833333,16.9385719337338,"mM",0,t
"rpomut02","OxicRpoBE672K","0","gua","gua.gua_1.Light",6,0.00161233283333333,39.6791358777245,0,0,0,6,0.00161233283333333,39.6791358777245,"mM",0,t
"rpomut02","OxicRpoBE672K","0","hxan","hxan.hxan_1.Light",6,0.00174358333333333,57.6554162001135,2,0.0001139975,14.9981359240334,6,0.00162958583333333,61.6976161999822,"mM",6.53811594895569,t
"rpomut02","OxicRpoBE672K","0","icit","icit.icit_2.Light",6,0.0147721445,19.2286530394717,2,0.0028075015,13.255647414614,6,0.011964643,23.9435466799111,"mM",19.005375285897,t
"rpomut02","OxicRpoBE672K","0","imp","imp.imp_1.Light",6,0.0758289693333333,20.6930221916487,0,0,0,6,0.0758289693333333,20.6930221916487,"mM",0,t
"rpomut02","OxicRpoBE672K","0","ins","ins.ins_1.Light",6,0.00266453283333333,38.4040219314917,2,0.000624158,4.00827995475505,6,0.00204037483333333,50.1669369461733,"mM",23.4246691274274,t
"rpomut02","OxicRpoBE672K","0","itp","itp.itp_1.Light",6,0.001913235,24.4732551335544,0,0,0,6,0.001913235,24.4732551335544,"mM",0,t
"rpomut02","OxicRpoBE672K","0","lac-L","lac-L.lac-L_1.Light",6,0.441938981666667,11.3869106276729,2,0.602728288,1.71570858807941,6,0,0,"mM",136.38269376622,t
"rpomut02","OxicRpoBE672K","0","mal-L","mal-L.mal-L_1.Light",6,1.04327254733333,14.6395272780625,2,0.0380564455,3.82922125504338,6,1.00521610183333,15.1944562884647,"mM",3.64779516122365,t
"rpomut02","OxicRpoBE672K","0","malcoa","malcoa.malcoa_1.Light",6,9.85698814416667,40.5778980331621,2,3.0998209185,17.4029753551391,6,6.75716722566667,59.728788476643,"height_ratio",31.4479521854195,t
"rpomut02","OxicRpoBE672K","0","met-L","met-L.met-L_1.Light",6,0.0212993755,11.6923769135034,0,0,0,6,0.0212993755,11.6923769135034,"mM",0,t
"rpomut02","OxicRpoBE672K","0","mmal","mmal.mmal_1.Light",6,0.006868195,5.32283362103877,2,0.001546954,6.14530231668168,6,0.005321241,7.09873192308075,"mM",22.5234432045101,t
"rpomut02","OxicRpoBE672K","0","nad","nad.nad_1.Light",6,0.4529706985,10.092356104819,0,0,0,6,0.4529706985,10.092356104819,"mM",0,t
"rpomut02","OxicRpoBE672K","0","nadh","nadh.nadh_1.Light",6,0.000157186333333333,43.1159293099275,0,0,0,6,0.000157186333333333,43.1159293099275,"mM",0,t
"rpomut02","OxicRpoBE672K","0","nadp","nadp.nadp_1.Light",6,0.0720479366666667,13.9261525544537,2,0.0002789605,25.9045635493197,6,0.0717689761666667,13.9806450277635,"mM",0.387187354567313,t
"rpomut02","OxicRpoBE672K","0","nadph","nadph.nadph_1.Light",6,0.00149349116666667,18.1235826490352,0,0,0,6,0.00149349116666667,18.1235826490352,"mM",0,t
"rpomut02","OxicRpoBE672K","0","pep","pep.pep_1.Light",6,0.037023675,14.4358566058848,2,0.001747319,18.2678720943342,6,0.035276356,15.1778936646846,"mM",4.71946396461183,t
"rpomut02","OxicRpoBE672K","0","phe-L","phe-L.phe-L_1.Light",6,0.0104438631666667,28.1753906586798,0,0,0,6,0.0104438631666667,28.1753906586798,"mM",0,t
"rpomut02","OxicRpoBE672K","0","phpyr","phpyr.phpyr_1.Light",6,0.642791419,13.6575240599714,2,0.1329180135,0.0578352760290123,6,0.5098734055,17.2178869138537,"mM",20.6782495178269,t
"rpomut02","OxicRpoBE672K","0","Pool_2pg_3pg","Pool_2pg_3pg.Pool_2pg_3pg_1.Light",6,0.2570188845,15.337688670955,2,0.0079787095,6.51236268221069,6,0.249040175,15.8304500891546,"mM",3.10432811795975,t
"rpomut02","OxicRpoBE672K","0","prpp","prpp.prpp_1.Light",6,57.9567994733333,40.4242153465741,0,0,0,6,57.9567994733333,40.4242153465741,"height_ratio",0,t
"rpomut02","OxicRpoBE672K","0","r5p","r5p.r5p_1.Light",6,0.015797975,17.8619186889469,0,0,0,6,0.015797975,17.8619186889469,"mM",0,t
"rpomut02","OxicRpoBE672K","0","ru5p-D","ru5p-D.ru5p-D_1.Light",6,0.0053045115,19.8154064907959,0,0,0,6,0.0053045115,19.8154064907959,"mM",0,t
"rpomut02","OxicRpoBE672K","0","s7p","s7p.s7p_1.Light",6,0.0643983636666667,26.7041922632787,0,0,0,6,0.0643983636666667,26.7041922632787,"mM",0,t
"rpomut02","OxicRpoBE672K","0","ser-L","ser-L.ser-L_1.Light",6,0.0918178596666667,22.1272495073437,2,0.0163756905,54.2098026339714,6,0.0754421691666667,29.3887602663518,"mM",17.8349730209895,t
"rpomut02","OxicRpoBE672K","0","skm","skm.skm_1.Light",6,0.00243634816666667,22.8116120046571,0,0,0,6,0.00243634816666667,22.8116120046571,"mM",0,t
"rpomut02","OxicRpoBE672K","0","succ","succ.succ_1.Light",6,0.358847874833333,5.6311516492049,2,0.0584536475,0.226109927528471,6,0.300394227333333,6.7270601158091,"mM",16.2892555869667,t
"rpomut02","OxicRpoBE672K","0","succoa","succoa.succoa_1.Light",6,15.4463177438333,28.3956441942871,2,4.471315899,24.199056641066,6,10.9750018448333,41.1623931491265,"height_ratio",28.9474551356105,t
"rpomut02","OxicRpoBE672K","0","thr-L","thr-L.thr-L_1.Light",6,0.1905683655,29.643894731143,0,0,0,6,0.1905683655,29.643894731143,"mM",0,t
"rpomut02","OxicRpoBE672K","0","thym","thym.thym_1.Light",6,0.00656513083333333,10.9390012756817,2,0.001026998,4.56700013047737,6,0.00553813283333333,12.9951692121619,"mM",15.6432221393912,t
"rpomut02","OxicRpoBE672K","0","trp-L","trp-L.trp-L_1.Light",4,0.004455068,46.6567674630296,0,0,0,4,0.004455068,46.6567674630296,"mM",0,t
"rpomut02","OxicRpoBE672K","0","tyr-L","tyr-L.tyr-L_1.Light",6,0.0207786868333333,11.6046387922042,2,0.000824759,35.3782135144933,6,0.0199539278333333,12.1724481535133,"mM",3.96925468204716,t
"rpomut02","OxicRpoBE672K","0","udp","udp.udp_1.Light",6,0.0740792091666667,7.58352321035199,0,0,0,6,0.0740792091666667,7.58352321035199,"mM",0,t
"rpomut02","OxicRpoBE672K","0","udpg","udpg.udpg_1.Light",6,0.3146724495,14.8282774580934,2,0.0035729765,31.8413373275755,6,0.311099473,15.0030377651437,"mM",1.13545895284995,t
"rpomut02","OxicRpoBE672K","0","udpglcur","udpglcur.udpglcur_1.Light",6,0.0502603363333333,9.87579084475872,2,0.0006404265,8.21835136428614,6,0.0496199098333333,10.0038165166917,"mM",1.27421849259544,t
"rpomut02","OxicRpoBE672K","0","ump","ump.ump_1.Light",6,0.0478797778333333,12.4952973593721,0,0,0,6,0.0478797778333333,12.4952973593721,"mM",0,t
"rpomut02","OxicRpoBE672K","0","ura","ura.ura_1.Light",6,0.00405348633333333,21.6887508261634,2,0.000917275,41.0302253958737,6,0.00313621133333333,30.492919713485,"mM",22.6292856215378,t
"rpomut02","OxicRpoBE672K","0","utp","utp.utp_1.Light",6,0.157088424,20.8313088921196,0,0,0,6,0.157088424,20.8313088921196,"mM",0,t
"rpomut02","OxicRpoBE672K","0","xan","xan.xan_1.Light",6,0.000706411666666667,18.3310308590245,2,0.0004907725,8.5374588021945,6,0.000215639166666667,63.115845876483,"mM",69.4740083096023,t
"rpomut02","OxicRpoBE672K-rph-pyrE82","0","23dpg","23dpg.23dpg_1.Light",6,0.0191580483333333,43.512987655902,2,0.005709434,0,6,0.0134486143333333,61.985859656434,"mM",29.8017517267982,t
"rpomut02","OxicRpoBE672K-rph-pyrE82","0","accoa","accoa.accoa_1.Light",6,1.16586208733333,43.0005375678152,0,0,0,6,1.16586208733333,43.0005375678152,"mM",0,t
"rpomut02","OxicRpoBE672K-rph-pyrE82","0","acon-C","acon-C.acon-C_1.Light",6,0.320346404666667,77.4322006535853,2,0.068433039,0,6,0.251913365666667,98.466895629612,"mM",21.3621997946902,t
"rpomut02","OxicRpoBE672K-rph-pyrE82","0","ade","ade.ade_1.Light",6,0.00537418666666667,78.2131585962582,2,0.0022400215,4.87493088794013,6,0.00313416516666667,134.158193437632,"mM",41.6811257021217,t
"rpomut02","OxicRpoBE672K-rph-pyrE82","0","adp","adp.adp_1.Light",6,0.4073457645,99.4689863406027,2,0.001065665,0,6,0.4062800995,99.7298916063519,"mM",0.261611901453808,t
"rpomut02","OxicRpoBE672K-rph-pyrE82","0","adpglc","adpglc.adpglc_1.Light",6,0.00559612916666667,73.0019138961065,0,0,0,6,0.00559612916666667,73.0019138961065,"mM",0,t
"rpomut02","OxicRpoBE672K-rph-pyrE82","0","AICAr","AICAr.AICAr_1.Light",6,4482.43533,99.812405532589,2,543.2204283,0,6,3939.2149017,113.576604500172,"height_ratio",12.1188681666937,t
"rpomut02","OxicRpoBE672K-rph-pyrE82","0","akg","akg.akg_1.Light",6,0.0613780095,25.3774943462453,0,0,0,6,0.0613780095,25.3774943462453,"mM",0,t
"rpomut02","OxicRpoBE672K-rph-pyrE82","0","amp","amp.amp_1.Light",6,0.225050825666667,58.1632420126913,0,0,0,6,0.225050825666667,58.1632420126913,"mM",0,t
"rpomut02","OxicRpoBE672K-rph-pyrE82","0","asn-L","asn-L.asn-L_1.Light",6,0.5507832225,89.176961782944,2,0.026014025,0,6,0.5247691975,93.5976703997937,"mM",4.72309684414906,t
"rpomut02","OxicRpoBE672K-rph-pyrE82","0","atp","atp.atp_1.Light",6,2.91931658796773,83.086711035315,0,0,0,6,2.91931658796773,83.086711035315,"mM",0,t
"rpomut02","OxicRpoBE672K-rph-pyrE82","0","camp","camp.camp_1.Light",6,0.0176937736666667,84.1661773768228,2,0.002640865,0,6,0.0150529086666667,98.9321948250282,"mM",14.925391551578,t
"rpomut02","OxicRpoBE672K-rph-pyrE82","0","chor","chor.chor_1.Light",6,3.95583134583333,24.3984353446467,2,1.767076739,0,6,2.18875460683333,44.0963527954739,"mM",44.6701738399757,t
"rpomut02","OxicRpoBE672K-rph-pyrE82","0","cit","cit.cit_1.Light",6,0.884688583833333,60.3667938658302,2,0.126069417,0,6,0.758619166833333,70.3987134923698,"mM",14.2501462439748,t
"rpomut02","OxicRpoBE672K-rph-pyrE82","0","citr-L","citr-L.citr-L_1.Light",6,0.0528218511666667,62.6620439476546,2,0.00311355,0,6,0.0497083011666667,66.586970013405,"mM",5.89443560047894,t
"rpomut02","OxicRpoBE672K-rph-pyrE82","0","cmp","cmp.cmp_1.Light",6,0.0506099708333333,56.692039074933,0,0,0,6,0.0506099708333333,56.692039074933,"mM",0,t
"rpomut02","OxicRpoBE672K-rph-pyrE82","0","coa","coa.coa_1.Light",6,0.379910776666667,57.5334465147846,0,0,0,6,0.379910776666667,57.5334465147846,"mM",0,t
"rpomut02","OxicRpoBE672K-rph-pyrE82","0","ctp","ctp.ctp_1.Light",6,0.097422844,68.0597910030616,0,0,0,6,0.097422844,68.0597910030616,"mM",0,t
"rpomut02","OxicRpoBE672K-rph-pyrE82","0","cytd","cytd.cytd_1.Light",4,0.000943042,36.124147283855,0,0,0,4,0.000943042,36.124147283855,"mM",0,t
"rpomut02","OxicRpoBE672K-rph-pyrE82","0","dadp","dadp.dadp_1.Light",6,0.0316286426666667,84.5569867266639,0,0,0,6,0.0316286426666667,84.5569867266639,"mM",0,t
"rpomut02","OxicRpoBE672K-rph-pyrE82","0","damp","damp.damp_1.Light",6,0.00351801333333333,90.4234006310637,0,0,0,6,0.00351801333333333,90.4234006310637,"mM",0,t
"rpomut02","OxicRpoBE672K-rph-pyrE82","0","datp","datp.datp_1.Light",6,0.0477484801666667,60.8943131085798,0,0,0,6,0.0477484801666667,60.8943131085798,"mM",0,t
"rpomut02","OxicRpoBE672K-rph-pyrE82","0","dcdp","dcdp.dcdp_1.Light",6,0.0372920636666667,70.1196543421357,2,0.008448676,0,6,0.0288433876666667,90.6587896065185,"mM",22.6554263006684,t
"rpomut02","OxicRpoBE672K-rph-pyrE82","0","dcmp","dcmp.dcmp_1.Light",6,0.00513558733333333,60.2245683009579,0,0,0,6,0.00513558733333333,60.2245683009579,"mM",0,t
"rpomut02","OxicRpoBE672K-rph-pyrE82","0","dctp","dctp.dctp_1.Light",6,0.0417559401666667,56.0482584147749,0,0,0,6,0.0417559401666667,56.0482584147749,"mM",0,t
"rpomut02","OxicRpoBE672K-rph-pyrE82","0","dhap","dhap.dhap_1.Light",4,0.2420703535,17.4309118894877,0,0,0,4,0.2420703535,17.4309118894877,"mM",0,t
"rpomut02","OxicRpoBE672K-rph-pyrE82","0","ditp","ditp.ditp_1.Light",3,0.003885927,61.4299796568633,0,0,0,3,0.003885927,61.4299796568633,"mM",0,t
"rpomut02","OxicRpoBE672K-rph-pyrE82","0","dtmp","dtmp.dtmp_1.Light",6,0.0132147135,63.2132750057599,2,0.00011,0,6,0.0131047135,63.7438825807087,"mM",0.832405484992164,t
"rpomut02","OxicRpoBE672K-rph-pyrE82","0","dttp","dttp.dttp_1.Light",6,0.049270305,52.1801169576728,2,0.000736774,4.67429632424597,6,0.048533531,52.9722962890177,"mM",1.49537129920344,t
"rpomut02","OxicRpoBE672K-rph-pyrE82","0","dump","dump.dump_1.Light",6,0.0176031146666667,60.9199243881101,0,0,0,6,0.0176031146666667,60.9199243881101,"mM",0,t
"rpomut02","OxicRpoBE672K-rph-pyrE82","0","f1p","f1p.f1p_1.Light",6,0.0462998493333333,43.9711906669462,0,0,0,6,0.0462998493333333,43.9711906669462,"mM",0,t
"rpomut02","OxicRpoBE672K-rph-pyrE82","0","f6p","f6p.f6p_1.Light",6,0.733072206666667,34.0124362698521,2,0.015404568,0,6,0.717667638666667,34.7425052588036,"mM",2.1013711691575,t
"rpomut02","OxicRpoBE672K-rph-pyrE82","0","fad","fad.fad_1.Light",6,0.043850909,100.76342989311,0,0,0,6,0.043850909,100.76342989311,"mM",0,t
"rpomut02","OxicRpoBE672K-rph-pyrE82","0","fdp","fdp.fdp_1.Light",6,1.83052550666667,56.3619699836663,2,0.011564953,0,6,1.81896055366667,56.7203194445903,"mM",0.631783220604199,t
"rpomut02","OxicRpoBE672K-rph-pyrE82","0","fum","fum.fum_1.Light",6,0.980915575333333,89.4067112538319,0,0,0,6,0.980915575333333,89.4067112538319,"mM",0,t
"rpomut02","OxicRpoBE672K-rph-pyrE82","0","g1p","g1p.g1p_1.Light",4,0.0373980975,35.5114830495334,0,0,0,4,0.0373980975,35.5114830495334,"mM",0,t
"rpomut02","OxicRpoBE672K-rph-pyrE82","0","g6p","g6p.g6p_1.Light",6,0.7836286675,40.0174670856276,0,0,0,6,0.7836286675,40.0174670856276,"mM",0,t
"rpomut02","OxicRpoBE672K-rph-pyrE82","0","g6p","g6p.g6p_2.Light",6,0.807662637666667,46.8604028512723,0,0,0,6,0.807662637666667,46.8604028512723,"mM",0,t
"rpomut02","OxicRpoBE672K-rph-pyrE82","0","gam6p","gam6p.gam6p_1.Light",6,0.0819399418333333,27.5331106095069,0,0,0,6,0.0819399418333333,27.5331106095069,"mM",0,t
"rpomut02","OxicRpoBE672K-rph-pyrE82","0","gdp","gdp.gdp_1.Light",6,0.160364476,70.2665396432976,0,0,0,6,0.160364476,70.2665396432976,"mM",0,t
"rpomut02","OxicRpoBE672K-rph-pyrE82","0","gln-L","gln-L.gln-L_1.Light",6,2.35795419616667,59.137191810316,0,0,0,6,2.35795419616667,59.137191810316,"mM",0,t
"rpomut02","OxicRpoBE672K-rph-pyrE82","0","glu-L","glu-L.glu-L_1.Light",6,24.58808708,54.6610113556522,2,0.032542515,0,6,24.555544565,54.7334514832677,"mM",0.132350739177551,t
"rpomut02","OxicRpoBE672K-rph-pyrE82","0","glx","glx.glx_1.Light",6,0.315631519666667,47.7258477605969,2,0.157386108,0,6,0.158245411666667,95.1925347939189,"mM",49.8638754983067,t
"rpomut02","OxicRpoBE672K-rph-pyrE82","0","glyc3p","glyc3p.glyc3p_1.Light",6,0.1838239595,67.4871585483047,2,0.024960727,0,6,0.1588632325,78.0907986355726,"mM",13.5786037184125,t
"rpomut02","OxicRpoBE672K-rph-pyrE82","0","glyclt","glyclt.glyclt_1.Light",6,0.1155086685,45.7114332611057,2,0.048312888,0,6,0.0671957805,78.5773563745856,"mM",41.8262011218664,t
"rpomut02","OxicRpoBE672K-rph-pyrE82","0","gsn","gsn.gsn_1.Light",4,0.00400257,84.3199940051321,0,0,0,4,0.00400257,84.3199940051321,"mM",0,t
"rpomut02","OxicRpoBE672K-rph-pyrE82","0","gthox","gthox.gthox_1.Light",6,1.7870693635,113.312114939596,2,0.00036,0,6,1.7867093635,113.334945939541,"mM",0.0201447133140336,t
"rpomut02","OxicRpoBE672K-rph-pyrE82","0","gthrd","gthrd.gthrd_1.Light",4,3.998294037,48.5434514563445,0,0,0,4,3.998294037,48.5434514563445,"mM",0,t
"rpomut02","OxicRpoBE672K-rph-pyrE82","0","gtp","gtp.gtp_1.Light",6,0.3761256125,84.473954053795,0,0,0,6,0.3761256125,84.473954053795,"mM",0,t
"rpomut02","OxicRpoBE672K-rph-pyrE82","0","gua","gua.gua_1.Light",5,0.0072274344,106.177144843022,0,0,0,5,0.0072274344,106.177144843022,"mM",0,t
"rpomut02","OxicRpoBE672K-rph-pyrE82","0","hxan","hxan.hxan_1.Light",6,0.003768942,122.540327009249,2,0.000108,0,6,0.003660942,126.155340663385,"mM",2.86552565680236,t
"rpomut02","OxicRpoBE672K-rph-pyrE82","0","icit","icit.icit_2.Light",6,0.0244615475,57.0689079738259,2,0.004928586,0,6,0.0195329615,71.468620013144,"mM",20.1483001024363,t
"rpomut02","OxicRpoBE672K-rph-pyrE82","0","imp","imp.imp_1.Light",2,0.039685979,63.1683295503432,0,0,0,2,0.039685979,63.1683295503432,"mM",0,t
"rpomut02","OxicRpoBE672K-rph-pyrE82","0","ins","ins.ins_1.Light",6,0.005380722,92.2485361353439,2,0.000638788,0,6,0.004741934,104.675376724189,"mM",11.8717896966244,t
"rpomut02","OxicRpoBE672K-rph-pyrE82","0","itp","itp.itp_1.Light",6,0.0182389335,182.157009144908,0,0,0,6,0.0182389335,182.157009144908,"mM",0,t
"rpomut02","OxicRpoBE672K-rph-pyrE82","0","lac-L","lac-L.lac-L_1.Light",6,0.928455708833333,31.5550971167399,2,0.448323643,0.887156424181715,6,0.480132065833333,61.0253131751543,"mM",48.2870252974532,t
"rpomut02","OxicRpoBE672K-rph-pyrE82","0","mal-L","mal-L.mal-L_1.Light",6,3.606667532,100.983311443883,2,0.039914744,0,6,3.566752788,102.113393415955,"mM",1.10669319103738,t
"rpomut02","OxicRpoBE672K-rph-pyrE82","0","malcoa","malcoa.malcoa_1.Light",6,11.0079697115,38.3163355590879,2,3.0089951425,9.23401914398405,6,7.998974569,52.8441789886766,"height_ratio",27.3346967820643,t
"rpomut02","OxicRpoBE672K-rph-pyrE82","0","met-L","met-L.met-L_1.Light",6,0.055620206,73.5239403397344,0,0,0,6,0.055620206,73.5239403397344,"mM",0,t
"rpomut02","OxicRpoBE672K-rph-pyrE82","0","mmal","mmal.mmal_1.Light",6,0.0124773148333333,75.3544045578901,2,0.001450995,0,6,0.0110263198333333,85.2705747664611,"mM",11.6290645814566,t
"rpomut02","OxicRpoBE672K-rph-pyrE82","0","nad","nad.nad_1.Light",6,0.665706094,54.8604979963612,0,0,0,6,0.665706094,54.8604979963612,"mM",0,t
"rpomut02","OxicRpoBE672K-rph-pyrE82","0","nadh","nadh.nadh_1.Light",6,0.01690061,139.610068190141,0,0,0,6,0.01690061,139.610068190141,"mM",0,t
"rpomut02","OxicRpoBE672K-rph-pyrE82","0","nadp","nadp.nadp_1.Light",6,0.182095484333333,76.2731000051623,2,0.00024128,0,6,0.181854204333333,76.3742974101754,"mM",0.132501912874636,t
"rpomut02","OxicRpoBE672K-rph-pyrE82","0","nadph","nadph.nadph_1.Light",6,0.00377956666666667,35.7406967740234,0,0,0,6,0.00377956666666667,35.7406967740234,"mM",0,t
"rpomut02","OxicRpoBE672K-rph-pyrE82","0","pep","pep.pep_1.Light",6,0.0667719541666667,76.3282034847196,2,0.00207314,0,6,0.0646988141666667,78.773983269256,"mM",3.10480654022095,t
"rpomut02","OxicRpoBE672K-rph-pyrE82","0","phe-L","phe-L.phe-L_1.Light",6,0.0126231165,56.4093133899998,0,0,0,6,0.0126231165,56.4093133899998,"mM",0,t
"rpomut02","OxicRpoBE672K-rph-pyrE82","0","phpyr","phpyr.phpyr_1.Light",6,0.892031808833333,91.2238391490325,2,0.15479881,0,6,0.737232998833333,110.378355789292,"mM",17.3535078533194,t
"rpomut02","OxicRpoBE672K-rph-pyrE82","0","Pool_2pg_3pg","Pool_2pg_3pg.Pool_2pg_3pg_1.Light",6,0.5617500395,70.416215105046,2,0.009125559,0,6,0.5526244805,71.5790071060743,"mM",1.62448746921717,t
"rpomut02","OxicRpoBE672K-rph-pyrE82","0","prpp","prpp.prpp_1.Light",6,295.383871451667,126.70497772783,0,0,0,6,295.383871451667,126.70497772783,"height_ratio",0,t
"rpomut02","OxicRpoBE672K-rph-pyrE82","0","r5p","r5p.r5p_1.Light",6,0.0179163476666667,43.5174875129747,0,0,0,6,0.0179163476666667,43.5174875129747,"mM",0,t
"rpomut02","OxicRpoBE672K-rph-pyrE82","0","ru5p-D","ru5p-D.ru5p-D_1.Light",6,0.00869104233333333,19.8266646057632,0,0,0,6,0.00869104233333333,19.8266646057632,"mM",0,t
"rpomut02","OxicRpoBE672K-rph-pyrE82","0","s7p","s7p.s7p_1.Light",6,0.0637155101666667,15.7278234997258,0,0,0,6,0.0637155101666667,15.7278234997258,"mM",0,t
"rpomut02","OxicRpoBE672K-rph-pyrE82","0","ser-L","ser-L.ser-L_1.Light",6,0.169831518666667,42.848855199052,1,0.023106201,0,6,0.146725317666667,49.5966631206437,"mM",13.6053667666667,t
"rpomut02","OxicRpoBE672K-rph-pyrE82","0","skm","skm.skm_1.Light",6,0.0031438205,34.0144471146353,0,0,0,6,0.0031438205,34.0144471146353,"mM",0,t
"rpomut02","OxicRpoBE672K-rph-pyrE82","0","succ","succ.succ_1.Light",6,0.786756221666667,77.2788592056996,2,0.05359512,0,6,0.733161101666667,82.9280538004173,"mM",6.81216347885549,t
"rpomut02","OxicRpoBE672K-rph-pyrE82","0","succoa","succoa.succoa_1.Light",6,15.8110142011667,81.0022712066915,2,13.92085744,5.44994023011847,6,1.89015676116667,678.765513277338,"height_ratio",88.0453161503884,t
"rpomut02","OxicRpoBE672K-rph-pyrE82","0","thr-L","thr-L.thr-L_1.Light",6,0.421893010166667,60.2218849406468,0,0,0,6,0.421893010166667,60.2218849406468,"mM",0,t
"rpomut02","OxicRpoBE672K-rph-pyrE82","0","thym","thym.thym_1.Light",6,0.00936448433333333,88.5494202486241,2,0.00146665,0,6,0.00789783433333333,104.993296091843,"mM",15.6618340935164,t
"rpomut02","OxicRpoBE672K-rph-pyrE82","0","trp-L","trp-L.trp-L_1.Light",4,0.00500086425,12.2446961417248,0,0,0,4,0.00500086425,12.2446961417248,"mM",0,t
"rpomut02","OxicRpoBE672K-rph-pyrE82","0","tyr-L","tyr-L.tyr-L_1.Light",6,0.0535765683333333,93.2236629431161,2,0.001324841,0,6,0.0522517273333333,95.5873461578226,"mM",2.47279928747458,t
"rpomut02","OxicRpoBE672K-rph-pyrE82","0","udp","udp.udp_1.Light",6,0.215094500166667,94.3842161901298,0,0,0,6,0.215094500166667,94.3842161901298,"mM",0,t
"rpomut02","OxicRpoBE672K-rph-pyrE82","0","udpg","udpg.udpg_1.Light",6,0.654904877166667,48.0182312451139,2,0.003408426,0,6,0.651496451166667,48.2694476370939,"mM",0.520445963808663,t
"rpomut02","OxicRpoBE672K-rph-pyrE82","0","udpglcur","udpglcur.udpglcur_1.Light",6,0.103272544333333,53.6553187286196,2,0.000540461,0,6,0.102732083333333,53.9375928369067,"mM",0.523334641834282,t
"rpomut02","OxicRpoBE672K-rph-pyrE82","0","ump","ump.ump_1.Light",6,0.137367714833333,84.76685178787,0,0,0,6,0.137367714833333,84.76685178787,"mM",0,t
"rpomut02","OxicRpoBE672K-rph-pyrE82","0","ura","ura.ura_1.Light",6,0.03173652,134.099836183747,2,0.000940157,0,6,0.030796363,138.193660499527,"mM",2.96238213893647,t
"rpomut02","OxicRpoBE672K-rph-pyrE82","0","utp","utp.utp_1.Light",6,0.357549037833333,68.3813896664394,0,0,0,6,0.357549037833333,68.3813896664394,"mM",0,t
"rpomut02","OxicRpoBE672K-rph-pyrE82","0","xan","xan.xan_1.Light",6,0.001646983,82.0006793806182,0,0,0,6,0.001646983,82.0006793806182,"mM",0,t
"rpomut02","OxicWtGlc","0","23dpg","23dpg.23dpg_1.Light",6,0.0153566121666667,67.4825224495393,2,0.0045490445,17.1158690577769,6,0.0108075676666667,96.1570458823899,"mM",29.6227087760557,t
"rpomut02","OxicWtGlc","0","accoa","accoa.accoa_1.Light",6,0.812798753666667,14.1079464396814,0,0,0,6,0.812798753666667,14.1079464396814,"mM",0,t
"rpomut02","OxicWtGlc","0","acon-C","acon-C.acon-C_1.Light",6,0.0782223645,10.8122317378831,2,0.0302065145,17.6947840175337,6,0.04801585,20.8368148602895,"mM",38.6162125027555,t
"rpomut02","OxicWtGlc","0","ade","ade.ade_1.Light",6,0.00283548616666667,9.70280436491234,2,0.0043349365,3.84495828254923,6,0,0,"mM",152.881595789834,t
"rpomut02","OxicWtGlc","0","adp","adp.adp_1.Light",6,0.102530061666667,18.0447272139723,2,0.0018330015,14.3377133079269,6,0.100697060166667,18.3750512940354,"mM",1.7877698210689,t
"rpomut02","OxicWtGlc","0","adpglc","adpglc.adpglc_1.Light",6,0.0018733055,9.77546325974743,0,0,0,6,0.0018733055,9.77546325974743,"mM",0,t
"rpomut02","OxicWtGlc","0","AICAr","AICAr.AICAr_1.Light",6,1193.78535446667,17.2527786456627,2,453.24354045,0.797860979201076,6,740.541814016667,27.816510201612,"height_ratio",37.9669208333093,t
"rpomut02","OxicWtGlc","0","akg","akg.akg_1.Light",6,0.0200428066666667,22.1270978353631,0,0,0,6,0.0200428066666667,22.1270978353631,"mM",0,t
"rpomut02","OxicWtGlc","0","amp","amp.amp_1.Light",6,0.199841705666667,75.1369778642825,0,0,0,6,0.199841705666667,75.1369778642825,"mM",0,t
"rpomut02","OxicWtGlc","0","asn-L","asn-L.asn-L_1.Light",6,0.224279713666667,16.0303280983444,2,0.03106307,5.46229332773612,6,0.193216643666667,18.628203749069,"mM",13.8501469848348,t
"rpomut02","OxicWtGlc","0","atp","atp.atp_1.Light",6,1.15880895139753,27.0765919290456,0,0,0,6,1.15880895139753,27.0765919290456,"mM",0,t
"rpomut02","OxicWtGlc","0","camp","camp.camp_1.Light",6,0.00780409266666667,10.9779748103167,2,0.0021843235,3.39988559386923,6,0.00561976916666667,15.3021242058481,"mM",27.9894613416089,t
"rpomut02","OxicWtGlc","0","chor","chor.chor_1.Light",6,5.94678945433333,21.8173330482714,2,3.045695655,38.6505903525676,6,2.90109379933333,60.3868250972465,"mM",51.2157976734934,t
"rpomut02","OxicWtGlc","0","cit","cit.cit_1.Light",6,0.223202116,18.1063606620132,2,0.119914781,15.7079793190799,6,0.103287335,43.1687407210935,"mM",53.7247509786153,t
"rpomut02","OxicWtGlc","0","citr-L","citr-L.citr-L_1.Light",6,0.0221428745,18.4677499807475,2,0.0024073305,19.9819468078853,6,0.019735544,20.8633005109558,"mM",10.8718066391967,t
"rpomut02","OxicWtGlc","0","cmp","cmp.cmp_1.Light",6,0.0314790283333333,11.8541040773208,0,0,0,6,0.0314790283333333,11.8541040773208,"mM",0,t
"rpomut02","OxicWtGlc","0","coa","coa.coa_1.Light",6,0.174378135666667,5.09556107404805,0,0,0,6,0.174378135666667,5.09556107404805,"mM",0,t
"rpomut02","OxicWtGlc","0","ctp","ctp.ctp_1.Light",6,0.0631223046666667,35.5124758922003,0,0,0,6,0.0631223046666667,35.5124758922003,"mM",0,t
"rpomut02","OxicWtGlc","0","cytd","cytd.cytd_1.Light",2,0.001901654,1.1312783503203,0,0,0,2,0.001901654,1.1312783503203,"mM",0,t
"rpomut02","OxicWtGlc","0","dadp","dadp.dadp_1.Light",6,0.0127756773333333,39.5561745128715,0,0,0,6,0.0127756773333333,39.5561745128715,"mM",0,t
"rpomut02","OxicWtGlc","0","damp","damp.damp_1.Light",6,0.00237449266666667,72.1860261973343,0,0,0,6,0.00237449266666667,72.1860261973343,"mM",0,t
"rpomut02","OxicWtGlc","0","datp","datp.datp_1.Light",6,0.0265830303333333,28.8817800417152,0,0,0,6,0.0265830303333333,28.8817800417152,"mM",0,t
"rpomut02","OxicWtGlc","0","dcdp","dcdp.dcdp_1.Light",6,0.0196796548333333,32.5836113446769,2,0.0120742065,6.45354624339082,6,0.00760544833333333,84.932705148075,"mM",61.3537513856633,t
"rpomut02","OxicWtGlc","0","dcmp","dcmp.dcmp_1.Light",6,0.00107440583333333,45.7410015354675,0,0,0,6,0.00107440583333333,45.7410015354675,"mM",0,t
"rpomut02","OxicWtGlc","0","dctp","dctp.dctp_1.Light",6,0.0197192875,28.4294860924617,0,0,0,6,0.0197192875,28.4294860924617,"mM",0,t
"rpomut02","OxicWtGlc","0","dhap","dhap.dhap_1.Light",6,0.226891773666667,21.0445055109247,0,0,0,6,0.226891773666667,21.0445055109247,"mM",0,t
"rpomut02","OxicWtGlc","0","ditp","ditp.ditp_1.Light",5,0.0156539468,20.2926806985565,2,0.0108206825,25.1591754956307,5,0.0048332643,86.5578470725586,"mM",69.1243086376146,t
"rpomut02","OxicWtGlc","0","dtmp","dtmp.dtmp_1.Light",6,0.013877504,13.8061542900655,2,0.000409046,1.15561574981787,6,0.013468458,14.2254996453954,"mM",2.9475473399251,t
"rpomut02","OxicWtGlc","0","dttp","dttp.dttp_1.Light",6,0.0362405008333333,22.4738430301113,2,0.0028979905,4.13084514942337,6,0.0333425103333333,24.4298132139045,"mM",7.9965520160099,t
"rpomut02","OxicWtGlc","0","dump","dump.dump_1.Light",6,0.002676219,18.9868964842488,0,0,0,6,0.002676219,18.9868964842488,"mM",0,t
"rpomut02","OxicWtGlc","0","f1p","f1p.f1p_1.Light",6,0.0305642576666667,37.1818023689632,0,0,0,6,0.0305642576666667,37.1818023689632,"mM",0,t
"rpomut02","OxicWtGlc","0","f6p","f6p.f6p_1.Light",6,0.451733171166667,13.1775260871199,2,0.022931081,11.5505195764648,6,0.428802090166667,13.8959568075997,"mM",5.07624466469379,t
"rpomut02","OxicWtGlc","0","fad","fad.fad_1.Light",6,0.0160120291666667,22.8059645890348,0,0,0,6,0.0160120291666667,22.8059645890348,"mM",0,t
"rpomut02","OxicWtGlc","0","fdp","fdp.fdp_1.Light",6,0.589170557166667,11.7947442599812,2,0.0151885705,2.11795112647368,6,0.573981986666667,12.1069836082282,"mM",2.57795816767256,t
"rpomut02","OxicWtGlc","0","fum","fum.fum_1.Light",6,0.266561674833333,7.40385873286314,0,0,0,6,0.266561674833333,7.40385873286314,"mM",0,t
"rpomut02","OxicWtGlc","0","g1p","g1p.g1p_1.Light",6,0.0802686476666667,9.57166340062497,2,0.0259352525,28.9583704650649,6,0.0543333951666667,19.7743945328881,"mM",32.3105636558148,t
"rpomut02","OxicWtGlc","0","g6p","g6p.g6p_1.Light",6,0.383732322166667,14.1735061436236,0,0,0,6,0.383732322166667,14.1735061436236,"mM",0,t
"rpomut02","OxicWtGlc","0","g6p","g6p.g6p_2.Light",6,0.3888635385,10.9152601903248,0,0,0,6,0.3888635385,10.9152601903248,"mM",0,t
"rpomut02","OxicWtGlc","0","gam6p","gam6p.gam6p_1.Light",6,0.0589998843333333,28.9513836802091,0,0,0,6,0.0589998843333333,28.9513836802091,"mM",0,t
"rpomut02","OxicWtGlc","0","gdp","gdp.gdp_1.Light",6,0.0899916796666667,27.7607510415208,0,0,0,6,0.0899916796666667,27.7607510415208,"mM",0,t
"rpomut02","OxicWtGlc","0","gln-L","gln-L.gln-L_1.Light",6,1.49964200816667,12.9346792046324,0,0,0,6,1.49964200816667,12.9346792046324,"mM",0,t
"rpomut02","OxicWtGlc","0","glu-L","glu-L.glu-L_1.Light",6,9.88853987433333,7.27957789886048,2,0.140121596,0.83619016157937,6,9.74841827833333,7.38422271415821,"mM",1.41700997094323,t
"rpomut02","OxicWtGlc","0","glx","glx.glx_1.Light",6,0.332268654166667,18.0786746693182,2,0.2521755145,48.6970008739687,6,0.0800931396666667,170.684496446996,"mM",75.8950660369871,t
"rpomut02","OxicWtGlc","0","glyc3p","glyc3p.glyc3p_1.Light",6,0.120401982166667,17.4500706965478,2,0.023530784,6.04620313543314,6,0.0968711981666667,21.7385006082326,"mM",19.5435187831272,t
"rpomut02","OxicWtGlc","0","glyclt","glyclt.glyclt_1.Light",6,0.149448469833333,17.8429469597811,2,0.0927744665,44.3752823951836,6,0.0566740033333333,86.5485997564974,"mM",62.0778965508735,t
"rpomut02","OxicWtGlc","0","gthox","gthox.gthox_1.Light",6,0.398351509166667,7.95626237130102,0,0,0,6,0.398351509166667,7.95626237130102,"mM",0,t
"rpomut02","OxicWtGlc","0","gthrd","gthrd.gthrd_1.Light",2,2.3224850965,1.82602461320036,0,0,0,2,2.3224850965,1.82602461320036,"mM",0,t
"rpomut02","OxicWtGlc","0","gtp","gtp.gtp_1.Light",6,0.180747424666667,23.8807082240276,0,0,0,6,0.180747424666667,23.8807082240276,"mM",0,t
"rpomut02","OxicWtGlc","0","gua","gua.gua_1.Light",6,0.0022333065,37.9376203914191,0,0,0,6,0.0022333065,37.9376203914191,"mM",0,t
"rpomut02","OxicWtGlc","0","hxan","hxan.hxan_1.Light",6,0.00098998,81.1966110486178,2,0.0004232235,2.49548997161075,6,0.0005667565,141.842147496157,"mM",42.7507121355987,t
"rpomut02","OxicWtGlc","0","icit","icit.icit_2.Light",6,0.00944587583333333,36.2582386657734,0,0,0,6,0.00944587583333333,36.2582386657734,"mM",0,t
"rpomut02","OxicWtGlc","0","imp","imp.imp_1.Light",6,0.0605444671666667,79.4223152152015,0,0,0,6,0.0605444671666667,79.4223152152015,"mM",0,t
"rpomut02","OxicWtGlc","0","ins","ins.ins_1.Light",6,0.00121941966666667,10.3566122969386,2,0.000909912,3.76574877570578,6,0.000309507666666667,42.278888274813,"mM",74.618445550192,t
"rpomut02","OxicWtGlc","0","itp","itp.itp_1.Light",6,0.0023437655,36.7924663872792,0,0,0,6,0.0023437655,36.7924663872792,"mM",0,t
"rpomut02","OxicWtGlc","0","lac-L","lac-L.lac-L_1.Light",6,0.790925774,29.8874534433662,2,1.0580662525,2.20503531275798,6,0,0,"mM",133.775669889852,t
"rpomut02","OxicWtGlc","0","mal-L","mal-L.mal-L_1.Light",6,0.987398868333333,3.88390921365876,2,0.044854969,14.2225446638922,6,0.942543899333333,4.12465405291983,"mM",4.54274057207624,t
"rpomut02","OxicWtGlc","0","malcoa","malcoa.malcoa_1.Light",4,6.76650633875,26.1968200256852,0,0,0,4,6.76650633875,26.1968200256852,"height_ratio",0,t
"rpomut02","OxicWtGlc","0","met-L","met-L.met-L_1.Light",6,0.0216592743333333,20.5439825051708,0,0,0,6,0.0216592743333333,20.5439825051708,"mM",0,t
"rpomut02","OxicWtGlc","0","mmal","mmal.mmal_1.Light",6,0.00711351233333333,17.8650926204867,2,0.0038535,0.411573893862726,6,0.00326001233333333,38.9855742660056,"mM",54.1715515406196,t
"rpomut02","OxicWtGlc","0","nad","nad.nad_1.Light",6,0.422002262166667,15.0144001674973,0,0,0,6,0.422002262166667,15.0144001674973,"mM",0,t
"rpomut02","OxicWtGlc","0","nadh","nadh.nadh_1.Light",2,0.0002265175,24.9625304888143,0,0,0,2,0.0002265175,24.9625304888143,"mM",0,t
"rpomut02","OxicWtGlc","0","nadp","nadp.nadp_1.Light",6,0.0649852585,13.9828696877797,2,0.0006337565,9.25978668463361,6,0.064351502,14.1208724371271,"mM",0.975231174928695,t
"rpomut02","OxicWtGlc","0","nadph","nadph.nadph_1.Light",6,0.00306987783333333,32.8140753035645,0,0,0,6,0.00306987783333333,32.8140753035645,"mM",0,t
"rpomut02","OxicWtGlc","0","pep","pep.pep_1.Light",6,0.0283805746666667,7.21222536369538,2,0.003031275,0.194967464185863,6,0.0253492996666667,8.07469856540944,"mM",10.6808090942579,t
"rpomut02","OxicWtGlc","0","phe-L","phe-L.phe-L_1.Light",6,0.0181244898333333,61.9952794077691,0,0,0,6,0.0181244898333333,61.9952794077691,"mM",0,t
"rpomut02","OxicWtGlc","0","phpyr","phpyr.phpyr_1.Light",6,0.465100036666667,8.85889192062117,2,0.12878744,2.19576381050823,6,0.336312596666667,12.2801341920554,"mM",27.6902665764142,t
"rpomut02","OxicWtGlc","0","Pool_2pg_3pg","Pool_2pg_3pg.Pool_2pg_3pg_1.Light",6,0.252586937333333,4.78767697854057,2,0.014374995,7.55954349897165,6,0.238211942333333,5.0970464378294,"mM",5.69110784261565,t
"rpomut02","OxicWtGlc","0","prpp","prpp.prpp_1.Light",6,28.2273365733333,50.639256173214,0,0,0,6,28.2273365733333,50.639256173214,"height_ratio",0,t
"rpomut02","OxicWtGlc","0","r5p","r5p.r5p_1.Light",5,0.0213148834,26.8952560387831,0,0,0,5,0.0213148834,26.8952560387831,"mM",0,t
"rpomut02","OxicWtGlc","0","ru5p-D","ru5p-D.ru5p-D_1.Light",4,0.008910048,16.3770013229761,0,0,0,4,0.008910048,16.3770013229761,"mM",0,t
"rpomut02","OxicWtGlc","0","s7p","s7p.s7p_1.Light",6,0.0525638388333333,12.1427019646212,0,0,0,6,0.0525638388333333,12.1427019646212,"mM",0,t
"rpomut02","OxicWtGlc","0","ser-L","ser-L.ser-L_1.Light",6,0.112677243333333,23.1548666646877,2,0.02847776,8.17404177856686,6,0.0841994833333333,31.109338793346,"mM",25.2737457516192,t
"rpomut02","OxicWtGlc","0","skm","skm.skm_1.Light",6,0.00233252833333333,15.7946896625339,0,0,0,6,0.00233252833333333,15.7946896625339,"mM",0,t
"rpomut02","OxicWtGlc","0","succ","succ.succ_1.Light",6,0.296598674166667,11.6575666121637,2,0.115119584,2.75592378791084,6,0.181479090166667,19.1324727400797,"mM",38.8132496962246,t
"rpomut02","OxicWtGlc","0","succoa","succoa.succoa_1.Light",6,22.8401025216667,59.7454362285764,2,14.87004364,3.32059718151574,6,7.97005888166667,171.326833558947,"height_ratio",65.1049776413828,t
"rpomut02","OxicWtGlc","0","thr-L","thr-L.thr-L_1.Light",6,0.192714679333333,9.06460050754472,0,0,0,6,0.192714679333333,9.06460050754472,"mM",0,t
"rpomut02","OxicWtGlc","0","thym","thym.thym_1.Light",6,0.0289539455,8.167819979432,2,0.009364694,6.24210465392676,6,0.0195892515,12.4357979217184,"mM",32.3434124029832,t
"rpomut02","OxicWtGlc","0","trp-L","trp-L.trp-L_1.Light",2,0.0013680695,27.5655951689589,0,0,0,2,0.0013680695,27.5655951689589,"mM",0,t
"rpomut02","OxicWtGlc","0","tyr-L","tyr-L.tyr-L_1.Light",6,0.0172179028333333,11.1594828432255,2,0.0012461065,4.14422844275349,6,0.0159717963333333,12.0344807906616,"mM",7.23727222799501,t
"rpomut02","OxicWtGlc","0","udp","udp.udp_1.Light",6,0.0805963118333333,47.9024930621312,2,0.000951508,31.9645236824073,6,0.0796448038333333,48.4762832111297,"mM",1.18058503963263,t
"rpomut02","OxicWtGlc","0","udpg","udpg.udpg_1.Light",6,0.315303184666667,10.6634523443626,2,0.0054174965,5.6555366487085,6,0.309885688166667,10.850323878393,"mM",1.71818641975573,t
"rpomut02","OxicWtGlc","0","udpglcur","udpglcur.udpglcur_1.Light",6,0.0596470541666667,13.2999024817263,2,0.001217046,1.78571722022011,6,0.0584300081666667,13.5769787747251,"mM",2.04041258533793,t
"rpomut02","OxicWtGlc","0","ump","ump.ump_1.Light",6,0.0595219883333333,31.963672086165,0,0,0,6,0.0595219883333333,31.963672086165,"mM",0,t
"rpomut02","OxicWtGlc","0","ura","ura.ura_1.Light",6,0.00612930716666667,69.6439916023283,2,0.001576158,0.77955382645648,6,0.00455314916666667,93.7529541769819,"mM",25.7151086924099,t
"rpomut02","OxicWtGlc","0","uri","uri.uri_1.Light",3,0.004966593,51.0409027959839,0,0,0,3,0.004966593,51.0409027959839,"mM",0,t
"rpomut02","OxicWtGlc","0","utp","utp.utp_1.Light",6,0.219729411,14.0156391920507,0,0,0,6,0.219729411,14.0156391920507,"mM",0,t
"rpomut02","OxicWtGlc","0","xan","xan.xan_1.Light",6,0.00106387683333333,17.8779003161285,2,0.0012970275,12.2387921613073,6,0,0,"mM",121.915193503759,t
