,OxicRph-pyrE82_Broth-2,OxicRph-pyrE82_Broth-3,OxicRph-pyrE82_Broth-5,OxicRph-pyrE82_Broth-6,OxicRpoBE546V_Broth-1,OxicRpoBE546V_Broth-2,OxicRpoBE546V_Broth-3,OxicRpoBE546V_Broth-4,OxicRpoBE546V_Broth-5,OxicRpoBE546V_Broth-6,OxicRpoBE672K-rph-pyrE82_Broth-1,OxicRpoBE672K-rph-pyrE82_Broth-3,OxicRpoBE672K-rph-pyrE82_Broth-4,OxicRpoBE672K-rph-pyrE82_Broth-6,OxicRpoBE672K_Broth-1,OxicRpoBE672K_Broth-2,OxicRpoBE672K_Broth-3,OxicRpoBE672K_Broth-4,OxicRpoBE672K_Broth-5,OxicRpoBE672K_Broth-6,OxicWtGlc_Broth-1,OxicWtGlc_Broth-2,OxicWtGlc_Broth-3,OxicWtGlc_Broth-4,OxicWtGlc_Broth-5,OxicWtGlc_Broth-6
23dpg,0.021349068,0.016427034,0.017834761,0.010591876,0.0094518295,0.0108922005,0.0089116235,0.0129973405,0.0165061985,0.0037346565,0.019706846,0.00215276,0.017626605,0.001609716,0.00292206,0.011510114,0.008784337,0.00621508,0.012457213,0.01525331,0.0049608225,0.0003594685,0.0229282185,0.0059541585,0.0032840835,0.0273586545
AICAr,380.9665905,1159.4739017,845.7184347,457.1013407,2911.2760689,2379.4908499,1901.7211849,1785.3822589,2622.5744149,1865.2370319,709.8300257,1068.8971337,707.6812877,943.3554207,1632.66523955,1902.64986555,2443.99492455,1696.94378955,2353.72967055,2481.82074755,1088.30257955,696.08319855,536.77798855,941.70112055,543.22734935,637.15864755
Pool_2pg_3pg,0.38205017,0.394288635,0.380305383,0.388882057,0.2558954505,0.2860495575,0.2310762305,0.2574943225,0.2589169535,0.2301678235,0.313752309,0.241018885,0.279316493,0.269507244,0.1901702695,0.2410368215,0.3145399085,0.2184456745,0.2703646395,0.2596837365,0.257294749,0.240802654,0.218561869,0.245315772,0.229883865,0.237412745
accoa,1.44599825,2.992058366,1.712000166,2.257498611,0.917800882,0.794004012,0.778486393,0.922800935,0.785255809,0.696689399,0.877897965,0.683126626,0.915478489,0.792739719,1.014528755,0.826724995,0.901811426,0.919553187,0.961449125,1.017313923,0.933172848,0.781300153,0.701102363,0.995006143,0.783277424,0.682933591
acon-C,0.078056269,0.072966049,0.03455827,0.062961458,0.3015999815,0.2722275975,0.2022434765,0.2244117225,0.4879574225,0.1095510065,0.075068084,0.075795327,0.039531189,0.126281324,0.0974004205,0.1386078435,0.1605523815,0.1188083455,0.1122552445,0.1826407645,0.0561116695,0.0334496225,0.0569393925,0.0476682855,0.0528579735,0.0410681565
ade,0.003277347,0.003325437,0.004727055,0.003101297,NA,NA,NA,NA,NA,NA,4.08850000000035e-06,0.0001801815,0.0002507665,0.0002432465,0.0004085505,3.59815000000002e-05,NA,0.0005391455,0.0005038495,0.0003987815,NA,NA,NA,NA,NA,NA
adp,0.148956938,0.233843127,0.14451523,0.239808624,0.2518092915,0.2118454065,0.0954187885,0.2186912935,0.2313118045,0.0975822985,0.124661753,0.106724795,0.137564545,0.111620682,0.1299895275,0.1086736755,0.1041503405,0.1373708675,0.0982869505,0.1050255555,0.0780300145,0.0923463295,0.1244655885,0.0851107925,0.0979435935,0.1262860425
adpglc,0.003576787,0.002976103,0.003742283,0.002225834,0.002002696,0.001902875,0.001349286,0.002487657,0.001738852,0.001120775,0.003879051,0.001879631,0.003654779,0.001687126,0.001492463,0.001748494,0.001524449,0.002068911,0.001971931,0.001878515,0.001631852,0.001635247,0.001908901,0.002061711,0.001909331,0.002092791
akg,0.039162421,0.022890588,0.049192111,0.024954311,0.032515596,0.041456462,0.020507138,0.028123588,0.044231173,0.022755675,0.081148729,0.048121069,0.083578787,0.043488095,0.023406623,0.023031791,0.022148673,0.021765397,0.021744884,0.018714864,0.022621828,0.020404004,0.013164683,0.027157579,0.020485745,0.016423001
amp,0.054391611,0.061656849,0.048956598,0.067363129,0.055838765,0.055402025,0.120845325,0.047476154,0.05485832,0.132108847,0.039532283,0.332933319,0.046777758,0.353910017,0.292112153,0.191954417,0.188157866,0.378510943,0.255457731,0.268672179,0.05529663,0.12669662,0.406967854,0.06285171,0.138559276,0.408678144
asn-L,0.162660842,0.220211994,0.169778436,0.303117444,0.1834927555,0.2358629385,0.1841199635,0.2374076295,0.2579767685,0.1955144145,0.212464367,0.193822029,0.087146827,0.229322644,0.245765865,0.237000075,0.256852562,0.222885244,0.182179521,0.173336972,0.205724652,0.236338914,0.221748687,0.177257888,0.12487301,0.193356711
atp,3.15395007089047,2.70886858782435,2.83596731526155,2.72008522046815,1.68640742288961,1.53935206206083,1.43464844465337,1.52691269615801,1.65591604907773,1.26173787265642,1.50210035869788,0.796138496229905,1.74104547280909,0.843639980082515,1.06063846571517,1.03824464723676,1.10267817064083,1.03486096222464,1.01532347394811,0.939851430079484,1.19756141005645,1.47626609752831,0.750719694209685,1.41034429032977,1.40443417986685,0.713528036394092
camp,0.002489908,0.006210369,0.001901646,0.006273003,0.010314173,0.01012037,0.006865122,0.009207205,0.011823788,0.005607508,0.003207975,0.005234105,0.002430614,0.007815353,0.006551695,0.006731268,0.007185142,0.005336982,0.006082832,0.008291329,0.0048185705,0.0047513755,0.0052706675,0.0053986035,0.0063343395,0.0071450585
chor,3.546750113,5.797539214,3.051087271,7.96051635,4.8924647985,7.0122551605,2.2167610785,4.2977965935,6.8842766185,1.2482054425,1.787105927,1.449589211,1.962263726,1.053247532,2.5343851225,2.3444449045,4.2528398955,2.0070527155,1.8104164995,3.3240170875,4.555023372,2.306325893,1.114142674,4.603432115,2.885362761,1.942275981
cit,1.46611117,1.460793323,1.291785274,0.299426307,0.646234452,0.472863665,0.542982959,0.591551865,0.550500105,0.660033916,0.376092428,0.385177302,0.321832284,0.656311714,0.3013108365,0.3466870805,0.3089001225,0.2297095505,0.3016091295,0.4563034315,0.065824627,0.088088214,0.14002714,0.079391826,0.07098668,0.175405523
citr-L,0.034116122,0.029782223,0.037041374,0.026615922,0.027344307,0.021841482,0.026059526,0.017839353,0.030263308,0.021395279,0.017485944,0.026038628,0.035176406,0.031710401,0.019338161,0.025250144,0.021104575,0.026238397,0.025911082,0.021854435,0.0122980145,0.0213588805,0.0209591755,0.0167742065,0.0248530115,0.0221699755
cmp,0.052400698,0.045579648,0.043898175,0.053722225,0.028962373,0.029528147,0.035317695,0.017586076,0.029655329,0.028145676,0.026647589,0.032295108,0.026823993,0.036311311,0.024344829,0.028015083,0.022191892,0.016068966,0.028697868,0.038424802,0.031185897,0.033471548,0.032782272,0.03017425,0.036739471,0.024520732
coa,0.226037343,0.166477595,0.239444502,0.181854673,0.251915806,0.232845656,0.200095997,0.309893428,0.233894409,0.223753364,0.187989539,0.252642615,0.215013618,0.257439932,0.1799908195,0.2771165905,0.2155412945,0.1853569005,0.2262600865,0.1980528065,0.163141411,0.186070645,0.176030297,0.161948246,0.179195898,0.179882317
ctp,0.062433681,0.082474649,0.061034543,0.093066744,0.050726908,0.045705077,0.062049245,0.038266046,0.04216752,0.069589065,0.046293009,0.08517288,0.057200259,0.075990662,0.054249589,0.074097186,0.049259205,0.054337919,0.062703321,0.054608323,0.060929032,0.090372871,0.042182649,0.051748587,0.095675951,0.037824738
cytd,NA,NA,NA,NA,0.002514572,0.001895147,0.001244604,0.002066618,0.001361984,0.001933464,0.000676375,0.001495513,0.000646785,0.000953495,0.000826656,0.000798699,0.001697572,0.001778007,0.001104175,0.004812131,NA,NA,0.001923167,NA,NA,0.001880141
dadp,0.010260751,0.015037927,0.012773744,0.015017224,0.025675165,0.031892249,0.011128756,0.019674035,0.025346965,0.010356558,0.011346551,0.0140335,0.012455847,0.013665633,0.015275753,0.01594798,0.011253828,0.020087568,0.01672349,0.012803837,0.009715132,0.008286123,0.019580473,0.008964876,0.009930165,0.020177295
damp,0.000990381,0.001888924,0.001060891,0.001406129,0.001091949,0.002355009,0.001705346,0.001269381,0.001540391,0.001811019,0.00098296,0.001843553,0.001101615,0.00121038,0.001900675,0.00135401,0.001731481,0.001359326,0.001008862,0.001632151,0.000867542,0.00052869,0.004834119,0.001952777,0.001473398,0.00459043
datp,0.030154092,0.027400603,0.027561553,0.030842569,0.033066177,0.026313378,0.031779465,0.031497663,0.026120666,0.031238171,0.025503967,0.031454242,0.022906638,0.029300591,0.029562462,0.034057315,0.03104143,0.028209321,0.032490931,0.030913792,0.027135952,0.038185069,0.018330214,0.028583217,0.031670415,0.015593315
dcdp,0.017837955,0.018877776,0.013063628,0.023667558,0.00751387,0.011011523,0.000924342999999999,0.010906472,0.014948566,0.002688688,0.010411713,0.009250243,0.010169121,0.011823347,0.007690223,0.006009483,0.006863307,0.013417424,0.008238541,0.005216616,0.0027926345,0.0030108745,0.0163128025,0.0040648315,0.0024769815,0.0169745655
dcmp,0.001155303,0.000937455,0.001807387,0.002090933,NA,NA,0.002023793,NA,NA,0.001410558,0.002430977,0.00609863,0.002452775,0.001756624,0.001885631,0.001254616,0.002090709,0.001380147,0.002115786,0.004073847,0.001358469,0.00078152,0.001960534,0.001060712,0.000393295,0.000891905
dctp,0.024296097,0.023429037,0.023260841,0.02762944,0.025207585,0.020734344,0.026693137,0.02016884,0.019190422,0.027490097,0.020817016,0.044312419,0.024942693,0.038304676,0.026098265,0.032095868,0.02533628,0.026531944,0.028708165,0.024886545,0.020131325,0.025196394,0.01313658,0.017864808,0.028354822,0.013631796
dhap,NA,NA,NA,NA,NA,NA,0.332337494,0.265319067,NA,0.263761653,0.170283791,0.262527552,0.278517809,0.256952262,0.237424203,0.298838592,0.290868184,0.268703319,0.302648998,0.293703983,0.294102568,0.190406717,0.218083998,0.290629574,0.187409349,0.180718436
ditp,0.008417997,NA,0.008304824,0.016213223,0.0004644205,NA,0.0056234725,0.0019153025,0.0021137635,0.0053262855,NA,0.006790211,NA,0.003924219,0.0011866845,0.000921561500000001,NA,NA,NA,0.0020416755,0.0076932455,0.0027314675,NA,0.0082214225,0.0057418185,NA
dtmp,0.011499152,0.010607607,0.010625738,0.01235048,0.007617712,0.010385417,0.008200223,0.009423215,0.011204288,0.008775172,0.006642099,0.007139951,0.007274791,0.007754112,0.007947243,0.007569289,0.007690325,0.00800647,0.007354329,0.008216201,0.01076629,0.013140091,0.015461785,0.012931648,0.012120595,0.016390339
dttp,0.03649701,0.030360105,0.031436167,0.034353396,0.01957564,0.017912074,0.024656773,0.022756993,0.019010794,0.024809801,0.025170004,0.038891034,0.025212654,0.033784044,0.020849729,0.031128216,0.02678853,0.016386469,0.026848622,0.028374617,0.0312515105,0.0436223605,0.0221097245,0.0408405445,0.0380309225,0.0241999995
dump,0.002152142,0.002952778,0.00221042,0.002734789,0.008670754,0.008669004,0.005555054,0.009088832,0.008487534,0.006791603,0.010610639,0.008672558,0.013801741,0.009149621,0.012013992,0.011642159,0.011029894,0.011620011,0.015636398,0.011655217,0.002760126,0.001775115,0.003449079,0.002424295,0.002711456,0.002937243
f1p,0.066493313,0.057987772,0.071407287,0.062321703,0.026947827,0.032904714,0.029345037,0.041483786,0.040929795,0.033690273,0.029975389,0.032393813,0.033818488,0.03356255,0.02266,0.035467779,0.034212693,0.02312072,0.025799528,0.024262291,0.019249418,0.037514628,0.05191252,0.02255761,0.021693501,0.030457869
f6p,0.489662936,0.620530415,0.527602842,0.512776435,0.401717345,0.631117703,0.568581768,0.507421551,0.529060623,0.615575938,0.568263802,0.620563719,0.465077736,0.550347512,0.5633016465,0.5787078245,0.4579177045,0.5124380705,0.6415032665,0.4444405085,0.37841419,0.433356964,0.419131955,0.35003874,0.454762823,0.537107869
fad,0.013704404,0.022322276,0.020086888,0.030563497,0.011178291,0.014301266,0.010677008,0.009133425,0.008494504,0.017084375,0.012687106,0.010846818,0.01900678,0.009142757,0.014526289,0.011196846,0.01087978,0.017494546,0.010675079,0.013031654,0.023393176,0.012397044,0.012692173,0.015891576,0.016677018,0.015021188
fdp,1.182875416,1.087390712,1.165109924,1.17438207,1.14533956,1.018719664,0.783593091,0.872546055,0.863759041,0.948178554,1.078693081,1.167142276,0.986570744,1.182966021,0.6235178145,1.1191906855,1.0278078995,0.7247994665,1.3337745655,0.8697761775,0.5037989595,0.5741071415,0.5288713325,0.7106937395,0.6025252915,0.5238954555
fum,0.27896177,0.15661013,0.201363327,0.189209756,0.484576402,0.445165915,0.363087318,0.48668794,0.76946384,0.36774763,0.349531217,0.363544205,0.38610841,0.373093206,0.3863056945,0.3997515725,0.3775716105,0.4473089235,0.3753376005,0.3983553985,0.279411597,0.287111448,0.254258991,0.232534647,0.286383734,0.259669632
g1p,0.043774314,0.09743452,0.053233738,0.091554671,NA,NA,0.039596457,NA,NA,0.038133613,0.033087403,0.053318003,0.018064135,0.045122849,0.0494437775,0.0578256315,0.0666574575,0.0318503705,0.0470354935,0.0617996005,0.0578441265,0.0451453615,0.0588229595,0.0451521405,0.0524744465,0.0665613365
g6p,0.799548439,0.734174179,0.523220383,0.583145694,0.396093953,0.353481242,0.367573885,0.460125587,0.33550137,0.547733766,0.501984956,0.558259447,0.588186847,0.707506817,0.368868082,0.342042302,0.366545687,0.333696109,0.457131766,0.347314313,0.349887594,0.347104713,0.417975418,0.340637826,0.490794631,0.355993751
gam6p,0.089721575,0.06333634,0.065592417,0.074212089,0.067779045,0.090657948,0.059474357,0.064536026,0.071210566,0.04934028,0.075972105,0.063479134,0.067317248,0.058963381,0.070519311,0.078286757,0.038357512,0.050774993,0.063774942,0.043709394,0.045944802,0.048001734,0.085168888,0.039572217,0.056539966,0.078771699
gdp,0.111512796,0.152862044,0.099001003,0.141962255,0.14160797,0.124261046,0.070368227,0.153123746,0.140889474,0.081814661,0.056828568,0.107532646,0.068682501,0.094394469,0.140512087,0.153510584,0.077556008,0.166071983,0.130167493,0.087654429,0.070351595,0.073733002,0.126201033,0.062097138,0.086106349,0.121460961
gln-L,1.371811083,1.487518902,1.457594939,1.371356214,1.200149097,1.652478071,1.46937262,1.21537657,1.545163709,1.116367257,1.489324659,1.678172313,1.041144355,1.329121301,1.258588643,1.254333392,1.125724563,1.227068901,1.442774317,1.220517412,1.275386057,1.348395127,1.409237733,1.81490642,1.445198839,1.704727873
glu-L,15.878665585,14.729640275,14.109206585,13.802266155,10.6115892105,12.4880342505,11.9887645205,10.6526314605,12.4164461305,10.9022873805,13.453881665,15.982340545,16.220455385,15.107979945,10.10825017,9.403987941,9.302770595,10.05571308,12.03445232,9.239788615,8.802644284,9.203084298,11.069899804,9.496155476,9.863892554,10.054833254
glx,0.936692248,0.103067394,1.108595008,0.160261318,0.0382282095,0.0192773905,0.0877565665,0.1560041895,0.3459246785,0.0714290135,NA,0.086667129,0.119259283,0.108643927,0.049644139,0.187062074,0.091160208,0.129344274,0.148350796,0.054449349,0.0174054185,0.0566772665,0.1538387665,0.0288193095,0.1714081285,0.0524099485
glyc3p,0.084082025,0.138872959,0.094454251,0.153232756,0.1345577405,0.1285275395,0.0995198005,0.1096788175,0.1061967595,0.0833969565,0.060854995,0.076726672,0.066402305,0.081101666,0.0760140845,0.0739434285,0.1146316195,0.0640735425,0.0847718455,0.2379777085,0.06924419,0.089870568,0.10259235,0.106770141,0.07876198,0.13398796
glyclt,0.151026555,0.051817774,0.211768702,0.043824209,0.0307063775,0.0529097305,0.0725828375,0.0781689085,0.1477447145,0.0564549725,NA,0.060127478,0.051866126,0.040738256,0.0243708235,0.0687873405,0.0657080775,0.0632463015,0.0882651415,0.0458889705,0.0622358055,0.0751919635,0.0414807205,0.0579832045,0.0940501705,0.0091021555
gsn,0.000830422,0.001419908,0.00087591,0.001454989,0.000917832,0.001003363,0.000707859,0.000998146,0.000953098,0.000889099,0.000639369,NA,0.000647715,NA,0.001148557,NA,0.000926859,0.001019405,NA,0.001057868,NA,NA,NA,NA,NA,NA
gthox,0.422778997,0.312949315,0.460289025,0.334876712,0.324241,0.544810949,0.38709683,0.398018077,0.685725406,0.435742036,0.299513697,0.384593453,0.333392365,0.451922446,0.440306546,0.372072319,0.401115547,0.389034599,0.382559548,0.375686358,0.372929785,0.401050687,0.365184243,0.451011232,0.427308245,0.372624863
gthrd,3.663887633,3.230111039,3.483588878,NA,2.587120073,2.59991567,2.433154834,2.172179249,3.077087206,2.257345206,NA,2.583831679,NA,1.834452562,1.821168678,1.181752346,2.001543135,2.013296286,NA,NA,NA,NA,2.280075947,NA,NA,2.364894246
gtp,0.347742697,0.376620085,0.385658086,0.33896362,0.206389496,0.193616399,0.191238148,0.211796725,0.192567875,0.161286115,0.157949553,0.186211471,0.107947628,0.162779111,0.239399432,0.191595575,0.153571392,0.245534058,0.191551316,0.170310008,0.164549398,0.230799213,0.126974876,0.173695516,0.244760886,0.143704659
gua,NA,NA,NA,NA,0.001836717,0.001578327,0.000907838,0.001712666,0.001117116,0.001154627,0.000990085,0.001356264,NA,0.000876379,0.002987434,0.001166124,0.001129044,0.001669066,0.001323803,0.001398526,0.00152506,0.001964852,0.003293539,0.0017661,0.001348698,0.00350159
hxan,0.000291091,0.000133288,0.000434404,0.000260293,0.00143692,0.001199879,0.00133884,0.00161653,0.00147174,0.001446514,0.000126001,0.000659678,8.3117e-05,0.000730887,0.0008649925,0.0009189215,0.0030756715,0.0010116055,0.0008828125,0.0030235115,NA,NA,0.0017668205,9.26725e-05,9.09675e-05,0.0016253995
icit,0.003114204,0.006244843,0.00453843,0.008050657,0.0084569455,0.0176946605,0.0167942445,0.0152720875,0.0187386415,0.0238850985,0.002714976,0.018622651,0.00955835,0.01204676,0.0115230435,0.0104507955,0.0103483975,0.0084868125,0.0172737705,0.0137050385,0.005399757,0.007692788,0.015874011,0.007571093,0.008437274,0.011700332
imp,0.01773658,0.017878581,0.01273056,0.017591869,NA,NA,0.029474983,0.014578948,NA,0.03422032,NA,0.064754949,0.014617009,NA,0.085379843,0.062410927,0.048242529,0.088208153,0.092777883,0.077954481,0.015954953,0.034123135,0.106714683,0.02481457,0.036311593,0.145347869
ins,0.000920373,0.002061185,0.000979429,0.002001013,0.0015745645,0.0015036425,0.0007621555,0.0017129235,0.0013971625,0.0014512915,0.000836227,0.001493475,0.001078501,0.001560922,0.001012353,0.000929935,0.003555125,0.001796162,0.001679967,0.003268707,0.000200214,0.000447533,0.000184845,0.000226542,0.000513572,0.00028434
itp,0.00421575,0.004932595,0.003452835,0.003192178,0.001922652,0.001743896,0.001995877,0.001408079,0.000781205,0.002295409,0.002342093,0.00247723,0.000919597,0.092386384,0.001970751,0.002651326,0.002225057,0.00126766,0.00195314,0.001411476,0.002300646,0.003134282,0.0016174,0.002295187,0.003642947,0.001072131
lac-L,0.420908249,0.300265745,0.384695741,0.395090791,0.162755236,0.279887493,0.290088225,0.270070712,0.418871906,0.354861761,0.62367335,0.0782269820000001,0.639976891,0.075851448,NA,NA,NA,NA,NA,NA,0.00837331349999992,NA,NA,0.0304458255,NA,NA
mal-L,1.07734069,1.210924265,1.209076992,1.16375781,1.552004985,1.401312389,0.799210904,1.558928253,1.657642791,0.993335406,1.066493391,0.866114249,1.085131686,0.94984884,0.7715995465,0.8828659125,0.9778722365,1.0182979595,1.1684298255,1.2122311305,0.916849945,0.958770451,0.943943523,0.88907466,0.93364892,1.012975897
malcoa,NA,12.21799492,NA,4.071299116,NA,NA,11.212924878,NA,NA,15.693550558,3.4550572665,8.8717122175,2.1256554375,9.2002517675,2.3050808295,10.2506290615,4.6873981575,4.3541213195,13.8974899615,5.0482840245,NA,NA,4.88488998,9.653538603,5.957439451,6.570157321
met-L,0.023538243,0.031906007,0.021789163,0.025192418,0.018672878,0.018924045,0.016054119,0.015810749,0.018263264,0.016492923,0.021574219,0.024017992,0.025647992,0.036834957,0.019152771,0.017148587,0.023886423,0.023091877,0.020910938,0.023605657,0.013300778,0.024474802,0.02591001,0.020392109,0.019934277,0.02594367
mmal,0.010141604,0.008472335,0.007780431,0.008836085,0.003321722,0.003553067,0.004493717,0.002124675,0.003447357,0.004210882,0.002949199,0.004531116,0.005864299,0.004815202,0.005455856,0.005028702,0.005875471,0.004766175,0.005213095,0.005588147,0.001942248,0.005435776,0.002560659,0.00431711,0.003313246,0.001991035
nad,0.418423605,0.38828663,0.368786258,0.414301137,0.446334653,0.36673965,0.400047586,0.369298223,0.428142564,0.402022974,0.352417767,0.441973752,0.360373427,0.483844177,0.511446555,0.409420151,0.492957675,0.44194316,0.478671893,0.383384757,0.376415158,0.380274231,0.55718881,0.407864395,0.429875231,0.380395748
nadh,0.007508057,0.002843648,0.004342516,0.002291871,0.002071093,0.002835045,0.000450311,0.002426921,0.003812196,0.000571535,0.00082406,0.000382495,0.000506429,0.000255439,8.95e-05,0.000122518,0.000223149,0.000257553,7.37e-05,0.000176698,NA,NA,NA,NA,0.000169973,0.000283062
nadp,0.072838227,0.100738933,0.071474387,0.071547641,0.078157775,0.067622379,0.071129058,0.089212821,0.077744727,0.080649869,0.067739969,0.09959636,0.085408144,0.086422709,0.0624215425,0.0824015275,0.0664981775,0.0612605265,0.0700619085,0.0879701745,0.0589240445,0.0657932615,0.0517090565,0.0701727015,0.0800450485,0.0594648995
nadph,0.003846092,0.004470465,0.003454387,0.003520195,0.002279719,0.002116654,0.001341919,0.002481855,0.001675101,0.002740632,0.002924973,0.004272757,0.002370314,0.002234206,0.001585804,0.001591406,0.001302838,0.001995576,0.001182624,0.001302699,0.001635357,0.003467499,0.003203093,0.002575788,0.004916336,0.002621194
pep,0.029141514,0.023051795,0.025340415,0.026165713,0.0314373485,0.0331433005,0.0320028885,0.0341326165,0.0337661675,0.0282130935,0.029946172,0.029962357,0.02861971,0.02659818,0.027357212,0.03690911,0.043010477,0.030589016,0.033815586,0.039976735,0.024847837,0.025012114,0.024467603,0.026110968,0.022440728,0.029216548
phe-L,0.028210969,0.015246721,0.062184212,0.005427293,0.010324819,0.009370355,0.009437769,0.01254897,0.011755899,0.010434006,0.005552988,0.011428205,0.005444776,0.022782205,0.008698639,0.008199634,0.015788887,0.011813651,0.01128477,0.006877598,0.022777707,0.013790692,0.008618757,0.041162509,0.01135992,0.011037354
phpyr,0.104458989,0.23501103,0.149654162,0.184591385,0.778382261,0.748465608,0.477328367,0.713976278,0.595735392,0.430870881,0.052206177,0.274944053,0.045053733,0.32952664,0.4332416145,0.4971784935,0.6332736525,0.4268282075,0.4424760585,0.6262424065,0.369762739,0.319011002,0.374898746,0.254103243,0.341593409,0.358506441
prpp,62.70837269,177.4916748,52.94830921,207.8809431,74.30257278,45.66117781,44.82750927,64.77087358,57.64818696,41.39894723,21.63568562,44.916587,23.09159595,39.17172044,105.9014543,43.84945893,49.16098677,67.7366847,37.68196425,43.41024789,18.66236278,54.43257375,16.76737827,26.01383968,39.13537467,14.35249029
r5p,0.032167458,0.027706434,0.028744639,0.024397015,0.013100963,0.012685641,0.014629056,0.011622485,0.013481471,0.016184799,0.016576181,0.012669329,0.010413754,0.010851867,0.016506884,0.017092695,0.013475956,0.010741114,0.018179881,0.01879132,0.025991569,0.013308901,NA,0.029216513,0.020681413,0.017376021
ru5p-D,NA,NA,NA,NA,NA,0.006795702,0.004026688,NA,0.004849823,0.004046423,0.007957516,0.007585966,0.011108629,0.006813721,0.006503016,0.006279483,0.003388815,0.00554043,0.005501846,0.004613479,0.010936058,0.0095453,NA,0.007095876,0.008062958,NA
s7p,0.0350701859136282,0.0341227849136282,0.0566340029136282,0.0228799589136282,0.0271126384287116,0.0289999784287116,0.0618848384287116,0.0376200564287116,0.0304683074287116,0.0837614364287116,0.05044183,0.070594209,0.080749482,0.059835854,0.061646593,0.07763036,0.037457253,0.086140723,0.075528524,0.047986729,0.055045424,0.063327902,0.053498509,0.051314915,0.050362157,0.041834126
ser-L,0.217745598,0.211096478,0.229914145,0.11685016,0.0404790975,0.0675004855,0.0755325315,0.0958135385,0.0893323825,0.1166951305,0.093642978,0.130564241,0.054965774,0.118758207,0.0733702025,0.0527525025,0.1053633365,0.0580064855,0.0631021375,0.1000583505,0.056709919,0.066423153,0.079271305,0.131191053,0.105484676,0.066116794
skm,0.002414462,0.002626441,0.002605506,0.003309783,0.001638104,0.002110762,0.00235327,0.001877702,0.003032596,0.002532805,0.001735554,0.002595604,0.002694157,0.002712428,0.002030333,0.003391593,0.002018227,0.002494593,0.002880094,0.001803249,0.002415518,0.002051412,0.003115127,0.002142566,0.002102859,0.002167688
succ,0.396008043,0.317990703,0.287949329,0.333081092,0.1663628645,0.1904227145,0.2601819005,0.1686914385,0.2216072015,0.2605540705,0.25698558,0.316884764,0.285850422,0.361769588,0.2811672855,0.2867290425,0.2828664135,0.3146996535,0.2993518645,0.3375511045,0.167470499,0.216744102,0.139165337,0.178222156,0.236277529,0.150994918
succoa,40.33950389,9.92429339,50.3668602,10.20817019,NA,NA,NA,NA,NA,4.10964124,NA,NA,NA,NA,5.011676784,6.104656411,9.780588601,13.814239481,17.059292611,14.079557181,21.85088337,6.49170108,NA,24.17563001,14.39972354,NA
thr-L,0.308428061,0.202220401,0.265292352,0.314332432,0.194144898,0.256405297,0.237128871,0.172468449,0.320391234,0.277751967,0.23350701,0.279864298,0.207859172,0.257285973,0.203302895,0.293922222,0.116973109,0.169875601,0.21299783,0.146338536,0.218111633,0.180913477,0.187994541,0.169424857,0.186172179,0.213671389
thym,0.012065092,0.017439123,0.009483409,0.0143172,0.0061923775,0.0088381995,0.0048517505,0.0070601405,0.0080381905,0.0051565115,0.001472949,0.003172054,0.001586594,0.00249236,0.005509926,0.005726296,0.005933131,0.004062665,0.005610048,0.006386731,0.01899714,0.020081509,0.023126587,0.018698824,0.015450901,0.021180548
trp-L,0.007121557,0.004651191,0.007500591,0.002177465,NA,NA,0.001218915,NA,NA,0.00317444,0.003951238,0.005491458,0.005304753,0.005256008,0.002703092,0.005139941,NA,0.002422072,0.007555167,NA,NA,0.001745186,NA,NA,0.000990953,NA
tyr-L,0.02628481,0.027664155,0.023574714,0.030642537,0.0160117215,0.0169938275,0.0101027095,0.0169324565,0.0161264455,0.0179467665,0.011169768,0.022104955,0.013664842,0.021234771,0.019738461,0.017298804,0.02432255,0.017765699,0.018942844,0.021655209,0.0131956965,0.0157087465,0.0151067735,0.0157247235,0.0164742565,0.0196205815
udp,0.070313752,0.107844641,0.079234306,0.116901332,0.090478412,0.099661079,0.036526207,0.105102703,0.094005863,0.04733355,0.053816693,0.08346526,0.063365743,0.089994592,0.069765943,0.072637282,0.065476985,0.083016747,0.076554419,0.077023879,0.047359524,0.056789574,0.131320173,0.047085425,0.058932009,0.136382118
udpg,0.431147295,0.407574237,0.446196415,0.352582474,0.201820987,0.338859337,0.291766961,0.310932476,0.31333453,0.235919312,0.323367129,0.50046132,0.478886105,0.438833056,0.3186593335,0.3169498525,0.2232507905,0.3209463055,0.3825835935,0.3042069625,0.2844954545,0.3293745335,0.2735127745,0.2799908985,0.3676192605,0.3243212075
udpglcur,0.07790497,0.064871305,0.075966651,0.058266582,0.036108776,0.038594768,0.033137024,0.037180783,0.035328529,0.031094508,0.065612832,0.061684556,0.064138103,0.062822092,0.0437649735,0.0543899655,0.0439006905,0.0488192525,0.0571987875,0.0496457895,0.045745,0.06214293,0.054648993,0.058042458,0.07214579,0.057854878
ump,0.061173708,0.080266703,0.0667909,0.066199054,0.020718586,0.053234891,0.051459009,0.043078238,0.056758726,0.042739482,0.042150993,0.068031353,0.045147396,0.068124113,0.043499556,0.044937422,0.043114895,0.050938037,0.059947311,0.044841446,0.044851768,0.04186323,0.087134839,0.044371311,0.054365768,0.084545014
ura,0.00043389,0.003074471,0.001446146,0.002241716,0.0037300495,0.0041470225,0.0026227195,0.0075635515,0.0052168745,0.0026537375,0.000364684,0.001187349,NA,0.00157542,0.001982388,0.002832373,0.003716646,0.003296645,0.00235569,0.004633526,0.000637352,0.002262666,0.010915602,0.000454899,0.003081495,0.009966881
uri,NA,NA,NA,NA,NA,NA,NA,NA,NA,NA,NA,NA,NA,NA,NA,NA,NA,NA,NA,NA,NA,0.008547948,0.003035511,NA,NA,0.00331632
utp,0.333236065,0.287521856,0.269471652,0.282505626,0.146977152,0.150857577,0.153345612,0.153961118,0.132820641,0.170644842,0.165498382,0.210413876,0.178916331,0.186204508,0.134964017,0.145825574,0.215378965,0.120984195,0.139834796,0.185542997,0.230128282,0.253503175,0.185354419,0.211834247,0.258752867,0.178803476
xan,NA,NA,NA,NA,0.000256776,NA,0.000228529,9.3495e-05,4.7356e-05,0.000312722,0.000661128,0.000815833,0.000555397,0.000801539,6.35815e-05,0.0001767165,0.0004221225,6.53675e-05,0.0003119645,0.0002540825,NA,NA,NA,NA,NA,1.07994999999999e-05
