,130906,130609,130521,130618,130906-area,130906,130609,130521,130618,130906-area,130906,130609,130521,130618,130906-area,130906,130609,130521,130618,130906-area,130906,130609,130521,130618,130906-area,130906,130609,130521,130618,130906-area
Component_Name,slope,slope,slope,slope,slope,intercept,intercept,intercept,intercept,intercept,correlation,correlation,correlation,correlation,correlation,lloq,lloq,lloq,lloq,lloq,uloq,uloq,uloq,uloq,uloq,points,points,points,points,points
r5p.r5p_2.Light,1.70587012568108,0,0,0,1.0634531577308,0.0530739454781633,0,0,0,-0.00698275857018711,0.980644568530505,0,0,0,0.998484574874456,0.05,0,0,0,0.05,1.0,0,0,0,2.0,5,0,0,0,6
gthrd.gthrd_2.Light,0.0183901009074731,0.0435896834513129,0.046102626208168,0.0516131267546799,0.0204374862252606,0.0271185017594943,0.000255887365936841,0.000415282445310978,-0.00689519280139297,-0.0022287066758985,0.999131243718872,0.998128030858899,0.999973999603787,0.999751654559697,0.999735910035895,0.2,0.04,0.04,0.1,0.2,100.0,2.0,4.0,40.0,100.0,9,6,4,5,9
atp.atp_1.Light,0.350735801836195,0.459743475230955,0.556153144389012,0.637541619517145,3.28522949003972,0.00175858966573891,0.0578480679725964,0.00360620086161623,0.0226827874203509,0.13970686115503,0.999537318764024,0.993497243069594,0.999162533674367,0.991336581431115,0.997877930586103,0.002,0.08,0.008,0.02,0.008,0.8,2.0,0.2,0.8,8.0,8,5,5,5,8
ade.ade_2.Light,2.09643898405977,0,0,0,1.92891548182186,0.0894806826266854,0,0,0,0.0928244107169136,0.989916768601692,0,0,0,0.994032061749923,0.008,0,0,0,0.008,0.8,0,0,0,0.8,7,0,0,0,7
dcdp.dcdp_2.Light,14.6411170287378,0,0,0,15.0676925466979,0.559603921743234,0,0,0,0.940582216842726,0.999807183881539,0,0,0,0.996767984875071,0.04,0,0,0,0.04,10.0,0,0,0,10.0,8,0,0,0,8
arg-L.arg-L_1.Light,0.956381865612492,0.834228419597837,0.950344830289543,0.83448368000222,0.97943736141703,0.0371346633635998,0.043293190138044,0.0300666194325021,0.0144492505338584,-0.10096755127305,0.999987730021502,0.999083513675822,0.992993943732751,0.999794161639953,0.991898437518661,0.025,0.1,0.1,0.25,0.05,25.0,10.0,5.0,10.0,50.0,10,7,6,5,10
acon-C.acon-C_1.Light,36.7485086583526,37.0394204331113,35.0043253415729,38.5052826194236,41.9015075455773,0.227560701048371,0.974460473289815,2.60874262264001,-0.0525653084743625,-0.134794300878791,0.999286125670924,0.999474534038698,0.998650806981702,0.999608257216804,0.999805653010482,0.004,0.2,0.1,0.1,0.02,2.0,2.0,2.0,10.0,2.0,9,4,3,7,7
utp.utp_1.Light,6.66419469852399,0.944531523673699,1.44826142486816,0.748192446325139,5.96332023729848,-0.014625934368201,0.0114688123524734,0.0026021537668476,0.0343776560524319,0.0732726185146666,0.997298263517365,0.980932386044134,0.997706665319779,0.954186360380574,0.997709709757953,0.008,0.016,0.004,0.004,0.016,8.0,0.8,0.4,1.6,1.6,10,6,5,8,7
pyr.pyr_1.Light,0.224243705772588,0.211331823391491,0.236644595277272,0.242349868253553,0.217827421380238,0.0657241279594074,0.298530618388109,-0.209670485396022,0.525455077404651,0.114215434447168,0.998656887738636,0.989292313639621,0.999929136493568,0.999976962470073,0.999717748246998,0.4,8.0,2.0,20.0,0.8,20.0,80.0,200.0,400.0,40.0,6,4,4,3,6
cmp.cmp_1.Light,1.44185691554739,0,0,0,1.49395207007942,0.00768665973847934,0,0,0,-0.00155033721268397,0.999540151748861,0,0,0,0.999850095598332,0.005,0,0,0,0.01,2.0,0,0,0,5.0,9,0,0,0,9
dadp.dadp_1.Light,14.6125928353852,12.4312495397862,13.3067528539751,13.4901298882306,14.36804906666,0.258451999635784,0.0520018494042659,-0.490372260521259,-0.0913375588939332,0.253842007159247,0.996350949902363,0.998238499940389,0.998281540661775,0.997067891448445,0.996690999224802,0.04,0.04,0.2,0.008,0.04,2.0,2.0,2.0,2.0,2.0,6,6,4,8,6
ctp.ctp_1.Light,10.6855789445846,0,0,0,11.0584419298331,-0.39154596359139,0,0,0,-0.526637417296478,0.994816638072286,0,0,0,0.995292521513316,0.04,0,0,0,0.04,2.0,0,0,0,2.0,6,0,0,0,6
phe-L.phe-L_2.Light,3.17759303049927,0,0,0,3.45857669760193,0.0171643074876488,0,0,0,-0.0249275047962966,0.999756327672367,0,0,0,0.998891198306231,0.008,0,0,0,0.008,2.0,0,0,0,2.0,8,0,0,0,8
ala-L.ala-L_1.Light,0.119187457670991,0.14332686454893,0.195175369611703,0.143606008120904,0.130997448278349,0.719255629227547,0.160251878346561,-0.250295924802289,0.092316518212011,0.229942259853917,0.996937963757913,0.999709199678114,0.987435703783993,0.996056751141256,0.999755071096472,1.0,4.0,2.0,4.0,1.0,100.0,40.0,20.0,40.0,100.0,6,4,4,4,6
asp-L.asp-L_2.Light,0,0,0,0,0,0,0,0,0,0,0,0,0,0,0,0,0,0,0,0,0,0,0,0,0,0,0,0,0,0
Hexose_Pool_fru_glc-D.Hexose_Pool_fru_glc-D_1.Light,0.00184151009946447,0.00163583943056247,0.00206918225322421,0,0.00201186030428021,0.00424810454542647,0.00713301339166873,0.00502169553361478,0,0.00595568494781456,0.999132478104256,0.999609988906007,0.999110668344678,0,0.999822555076496,1.0,5.0,5.0,0,1.0,100.0,100.0,100.0,0,100.0,6,5,5,0,6
nadh.nadh_1.Light,2.08388370193307,8.14594732854848,6.30697070597509,4.18255756883266,1.1211468330987,0.00730417108545044,0.0387224575415239,-0.0051471960788817,0.00528543420090588,0.000175621079591678,0.998967842936666,0.99329683515448,0.996955885117858,0.999869884921118,0.990946534037913,0.0004,0.0016,0.004,0.004,0.0004,0.4,0.8,0.4,4.0,0.4,8,9,7,8,9
f1p.f1p_1.Light,2.7469508904499,3.2382123028496,0,3.06151265691618,3.12501830338684,0.00390553619544075,0.00513143028661025,0,0.0687343321564189,-0.178173457495921,0.996893503872738,0.990179655804971,0,0.998907274595411,0.993180278107184,0.02,0.008,0,0.02,0.08,2.0,2.0,0,4.0,2.0,7,8,0,8,5
trp-L.trp-L_2.Light,5.95214852762496,0,0,0,7.4249893266895,1.05528759540366,0,0,0,-0.300253343671475,0.998673105565579,0,0,0,0.998605219003383,0.2,0,0,0,0.2,4.0,0,0,0,2.0,5,0,0,0,4
dgmp.dgmp_2.Light,0,0,0,0,0,0,0,0,0,0,0,0,0,0,0,0,0,0,0,0,0,0,0,0,0,0,0,0,0,0
f6p.f6p_1.Light,1.58432460299766,13.6726093679323,8.7086642935815,8.00082974170046,1.3807908275618,-0.0303420116750765,0.37472889689022,-0.0245323987472483,3.47628777659161,-0.273776547936935,0.993227457320303,0.994691965579891,0.99995350523855,0.982970136652712,0.990703052673757,0.08,0.02,0.04,0.2,0.08,20.0,4.0,4.0,8.0,8.0,8,7,4,6,7
phpyr.phpyr_1.Light,14.4072983212464,5.37888308930783,6.00543313818653,5.88703146867119,14.1212030606077,0.0308744318223642,0.0946848940840755,0.0647268428325297,0.102742591327595,0.0802614305780682,0.999256053786007,0.999501490526579,0.999315224504214,0.99232424831223,0.996160320004856,0.0008,0.008,0.008,0.0008,0.0008,0.08,4.0,2.0,4.0,0.08,6,9,8,12,7
f6p.f6p_2.Light,0,0,0,0,0,0,0,0,0,0,0,0,0,0,0,0,0,0,0,0,0,0,0,0,0,0,0,0,0,0
ump.ump_1.Light,0.469146575558162,4.94328554406839,0.445384060941591,0.389119435970999,0.468282037909328,0.00211491035602184,0.00830810039881542,0.00611077152518287,0.0025227439371303,0.000882330320693075,0.999855002723317,0.977398084495497,0.99905902200809,0.995226306815489,0.999905449730543,0.004,0.0016,0.016,0.008,0.004,4.0,0.08,1.6,1.6,4.0,10,6,4,8,10
gsn.gsn_1.Light,29.7795494231104,22.7700908827439,29.414883568956,30.8071774508055,29.4305111655469,-0.0533300255124524,-0.00411729226711346,-0.00943827963792356,-0.0113165131349195,-0.0480185678612888,0.998091084835957,0.98673549532711,0.992402559305367,0.956955344988325,0.997646998343159,0.001,0.001,0.001,0.001,0.001,1.0,1.0,1.0,0.1,1.0,10,10,10,7,10
dtmp.dtmp_1.Light,10.4101106017457,17.7010785162228,18.7163519037262,8.83785880400121,10.6807637243247,0.000580173204270439,0.0385338615544856,-0.0534951821337146,0.106350046537728,0.0213327651440193,0.991511961758874,0.987912210457982,0.995639367199701,0.997732299624918,0.997330169846318,0.0008,0.004,0.004,0.02,0.0008,0.8,0.4,0.4,2.0,0.8,10,7,6,7,10
s7p.s7p_1.Light,11.3386211407312,15.2846126441744,14.7553384676487,14.9185848588162,15.1335434863097,0.530882089258128,-0.249053430385593,0.207352668823117,-0.163604130425335,0.0870157562901627,0.99971602101178,0.998908908540028,0.999411814001429,0.998846646476819,0.996203534408354,0.1,0.04,0.02,0.02,0.1,4.0,2.0,2.0,2.0,2.0,5,6,4,4,5
s7p.s7p_2.Light,12.8719687963455,0,0,0,16.3937072238669,0.913714193955039,0,0,0,0.208060081121833,0.999844636467813,0,0,0,0.996481663476007,0.1,0,0,0,0.1,4.0,0,0,0,2.0,6,0,0,0,5
phe-L.phe-L_1.Light,5.78036866651981,5.36874173091093,6.20030240084684,5.04259953140534,5.7201617222858,0.012282384271912,0.0835494523132128,0.00175972509244049,0.0328150709525399,0.0194903673702755,0.999485590636939,0.999730434780723,0.99974040955588,0.999708699833146,0.997352155391084,0.002,0.08,0.08,0.08,0.002,2.0,2.0,2.0,8.0,0.8,10,5,5,7,9
ump.ump_2.Light,0,0,0,0,0,0,0,0,0,0,0,0,0,0,0,0,0,0,0,0,0,0,0,0,0,0,0,0,0,0
phpyr.phpyr_2.Light,5.03009729879126,0,0,0,94.6214898450655,3.7809792560329,0,0,0,2.02322897282914,0.013688256208067,0,0,0,0.731226271836517,0.002,0,0,0,0.002,0.08,0,0,0,0.08,6,0,0,0,6
succ.succ_2.Light,0.471050121155656,0,0,0,0.526187918921072,0.0622692298548225,0,0,0,0.0253501536547961,0.998086144649056,0,0,0,0.995932997625449,0.1,0,0,0,0.1,2.0,0,0,0,2.0,5,0,0,0,5
amp.amp_2.Light,1.7936784544495,0,0,0,1.73441279699652,-0.0311945898164321,0,0,0,-0.0546829613388419,0.999019050970848,0,0,0,0.999305580688604,0.04,0,0,0,0.04,2.0,0,0,0,2.0,6,0,0,0,6
cmp.cmp_2.Light,0,0,0,0,0,0,0,0,0,0,0,0,0,0,0,0,0,0,0,0,0,0,0,0,0,0,0,0,0,0
actp.actp_2.Light,0.217556848478007,0,0,0,0.110973151146193,-0.0500427840478631,0,0,0,0.102152606600487,0.999973680462767,0,0,0,0.999391549517403,1.0,0,0,0,2.0,20.0,0,0,0,20.0,4,0,0,0,3
akg.akg_1.Light,13.6264577569594,13.5695820756999,13.4091557489948,14.6368355403256,12.945775693206,0.101657688869978,1.69953525860592,3.402527007332,6.4160006939568,0.475513539613717,0.999742953557714,0.99897554505605,0.998302172788599,0.996419987250439,0.990422645060203,0.02,0.04,0.08,0.2,0.02,2.0,4.0,4.0,4.0,2.0,4,7,6,5,4
dtmp.dtmp_2.Light,16.6735378384579,0,0,0,17.0054833808903,0.0745816921599727,0,0,0,0.044578203568853,0.996957536234715,0,0,0,0.996152765180257,0.004,0,0,0,0.004,0.8,0,0,0,0.8,8,0,0,0,8
met-L.met-L_1.Light,1.92125534359349,2.01428717846767,2.04011726907948,1.67782342048855,1.94846126489658,-0.000333212279965158,-0.0190715050655788,-0.000139634526720214,-0.164776468829031,-0.00222759880233236,0.999592625013577,0.999955737657188,0.999652377412494,0.998936716859442,0.999953371148089,0.002,0.04,0.04,0.04,0.002,2.0,4.0,2.0,40.0,4.0,10,7,6,10,11
fum.fum_1.Light,1.01705328185727,0.561098844614262,0.579186428422802,0.620727485268609,1.52044494835465,0.0520608271262964,0.0190482327393961,0.0432163819165505,-0.0286334127419515,0.0380946919576982,0.998124956198812,0.999035415148003,0.99958950748571,0.999848874174013,0.999311900557717,0.05,0.1,0.05,0.1,0.05,2.0,10.0,10.0,20.0,5.0,6,7,8,7,7
mal-L.mal-L_1.Light,92.9617554709832,0.781139236882985,0.81028295633125,0.569693345365077,116.685759038229,3.51119052397373,-0.0117705617134721,0.022592093483309,0.0570926080083526,8.13988200637656,0.903722300090548,0.981636423922907,0.99591593923113,0.999076693654658,0.951132042182398,0.01,0.04,0.04,0.04,0.01,1.0,1.0,0.4,4.0,1.0,7,5,4,6,7
dimp.dimp_2.Light,25.1827102535077,0,0,0,46.6271875055544,-0.619840778140017,0,0,0,-2.26807114460373,0.998688969855581,0,0,0,0.990888569526798,0.02,0,0,0,0.02,2.0,0,0,0,2.0,7,0,0,0,7
utp.utp_2.Light,9.16028206080805,0,0,0,12.6755212145149,0.710909227256435,0,0,0,0.610515158531729,0.982853255210529,0,0,0,0.986521377246021,0.16,0,0,0,0.16,1.6,0,0,0,1.6,4,0,0,0,4
gthox.gthox_1.Light,0.353631394414801,0.962838370880509,0.739051835454348,0.215606136168633,0.474816020625904,-9.78792867714257e-05,-0.0172841302549252,-0.038678249062297,0.00119908460587276,-0.0166879317981661,0.997076305380697,0.998662940773466,0.979893279201199,0.998977722055947,0.999707541154897,0.005,0.02,0.02,0.02,0.005,5.0,10.0,2.0,2.0,10.0,9,9,7,7,10
AICAr.AICAr_1.Light,0,0,0,0,0,0,0,0,0,0,0,0,0,0,0,0,0,0,0,0,0,0,0,0,0,0,0,0,0,0
adpglc.adpglc_1.Light,0,232.773085978147,238.855124710437,235.069894134544,0,0,0.0279345426880138,0.0770929148072543,0.267576306871407,0,0,0.996072980853733,0.999439557457737,0.999776738280758,0,0,0.001,0.002,0.002,0,0,1.0,0.04,2.0,0,0,10,5,9,0
glu-L.glu-L_1.Light,0.204371942265335,0.217662042994728,0,0.29111483956887,0.209811798255323,0.00539379901595856,0.0247839877167237,0,-0.0203160302702983,0.00873993740394446,0.999484710413179,0.985896175048228,0,0.998250628103947,0.999932572683504,0.008,0.08,0,0.08,0.008,4.0,4.0,0,20.0,8.0,9,6,0,8,10
dcmp.dcmp_1.Light,7.01189383239961,7.50261115872681,6.37862665692897,8.1431370725365,6.89266763003386,0.0217638878528343,-0.00308454783758686,0.0151474769790048,-0.00305210338055633,0.00560936817445234,0.999758099111081,0.998780416812365,0.998869376376321,0.986277354045055,0.999926424542765,0.004,0.0016,0.004,0.004,0.008,4.0,0.16,1.6,0.4,4.0,10,7,9,7,9
gua.gua_1.Light,14.3076043272077,10.8560103447488,11.8879462621621,12.6623700975964,12.12826633279,0.123565506488464,0.0267430180403643,0.0219962533391923,0.116511149457541,0.131860857623661,0.99962150863909,0.998863915740909,0.99913690304253,0.993990071855466,0.999146432236387,0.02,0.008,0.008,0.02,0.02,2.0,0.8,4.0,2.0,4.0,7,7,9,7,8
glu-L.glu-L_2.Light,0.282632777578552,0,0,0,0.286623223465933,0.00365286548576274,0,0,0,0.00518981259389339,0.999896318246493,0,0,0,0.999927792228522,0.008,0,0,0,0.008,8.0,0,0,0,8.0,10,0,0,0,10
citr-L.citr-L_1.Light,3.96968530421687,4.50731299507131,4.7536673963392,4.78463142376129,4.52242523324584,0.0825922043464379,0.0227361141159247,0.00619077848573841,0.0157849933772787,-0.206719901468844,0.999905867007517,0.990284372226115,0.997827428193399,0.998408026793211,0.999209655763505,0.04,0.04,0.008,0.008,0.04,20.0,0.8,0.8,2.0,8.0,9,5,7,8,8
cit.cit_1.Light,20.3444845852811,0,0,0,17.7797499920303,-4.43655051043528,0,0,0,-5.36658677369209,0.999152240163971,0,0,0,0.991674991824745,0.2,0,0,0,0.2,8.0,0,0,0,8.0,4,0,0,0,5
6pgc.6pgc_1.Light,0.223404276651064,0.172579727205882,0.120094919862605,0.196873511952238,0.184894839395428,-0.0297926033012956,-0.000633496349539832,0.00429320168250713,0.000395733083589004,-0.0451149412139068,0.998629078262551,0.999678200918277,0.990202667989821,0.991811157640958,0.997889384145605,0.16,0.016,0.008,0.016,0.16,8.0,4.0,1.6,1.6,8.0,6,6,7,7,6
gmp.gmp_1.Light,0.332473976029244,3.73209132217649,3.52179644962394,3.85084245982523,0.525115449097181,0.106300763190487,-0.00555775953778695,-0.0093719256753534,-0.00926575652225906,-0.194432872322557,0.998751459249463,0.994691295247138,0.995155333335377,0.999507717135534,0.995492235357828,0.2,0.008,0.008,0.02,0.4,8.0,0.8,0.8,2.0,8.0,6,7,7,7,5
ser-L.ser-L_2.Light,0.0586807251319922,0,0,0,0.0603746610239257,0.00451774250921518,0,0,0,0.0248997143973834,0.988713032145946,0,0,0,0.998440944189187,0.1,0,0,0,0.1,40.0,0,0,0,40.0,9,0,0,0,9
cytd.cytd_1.Light,2.01660109361212,3.04616009430934,2.594876049209,4.29156738334986,2.22216242326527,0.00219561362042568,-0.000392231308945755,0.000433105660245876,-0.0206349679912533,-0.0115133198199549,0.997867130292121,0.999891471814582,0.999192411590322,0.992227137591168,0.999797979811041,0.001,0.002,0.002,0.002,0.001,1.0,0.05,5.0,2.0,10.0,10,5,11,9,13
Pool_2pg_3pg.Pool_2pg_3pg_1.Light,0.241570470601783,0.300675370575498,0.288758712899679,0.240112462275933,0.174429187052013,0.0832041422969622,0.000623411184888263,0.00872701654894214,0.0143379301681695,0.42277948371835,0.999685236706306,0.999634343091505,0.999545468571329,0.998179426386723,0.996580179165144,0.1,0.02,0.02,0.04,1.0,10.0,2.0,2.0,4.0,20.0,6,7,7,6,5
coa.coa_1.Light,0.720774702308757,0.711204385657658,0.514789574187751,0.651701758937607,0.658096739670196,0.0460939814672085,3.54248072136591e-05,0.0503498136308343,0.0342053409132998,0.0327238701787972,0.999419686027809,0.999771129811781,0.9999017891149,0.999931814592507,0.999787734849329,0.02,0.02,0.1,0.1,0.02,5.0,5.0,2.0,10.0,10.0,8,8,5,4,9
ru5p-D.ru5p-D_1.Light,11.5509348707586,18.3834598425348,23.0596269972249,10.7755534297888,11.1430767724968,-0.0334133192729224,-0.00359499469793692,-0.149734910382944,0.111665181201624,-0.00538422748512771,0.997633264123404,0.999057750892403,0.998342509093809,0.999768098626923,0.999883711905759,0.008,0.008,0.016,0.032,0.0032,1.6,3.2,1.6,8.0,8.0,8,7,4,8,11
gam6p.gam6p_1.Light,4.83565523010058,4.28886325787595,5.21005627939156,4.60544756357481,4.1787676755686,0.00838162837657359,0.00370680075903811,-0.0153462649508944,0.012902452751137,0.00504252383585187,0.999929557461938,0.999694562650553,0.999209905849831,0.99530909257112,0.999089925839718,0.008,0.008,0.008,0.008,0.008,4.0,2.0,2.0,4.0,8.0,9,8,8,9,10
glx.glx_1.Light,1.6397241493666,1.61941184033382,1.33257185171318,2.61676192982509,2.75969304231649,2.03058795242896,8.71702480817758,11.2699415690293,2.07759062606881,7.64181987010281,0.990211513190659,0.981655411776026,0.987293214562199,0.995983082293964,0.999388365137066,1.0,10.0,5.0,2.0,5.0,20.0,100.0,100.0,50.0,100.0,5,4,5,5,4
fdp.fdp_1.Light,3.09945891354091,0.594813769894764,0.598166250234559,0.662691035361651,3.30076253009815,-0.14690801441095,0.00595478241449316,0.00372005373028557,-0.0126641589002215,0.144679918953835,0.999872122842435,0.997249288921624,0.999680328559492,0.999399747631636,0.99597590566109,0.2,0.005,0.002,0.1,0.2,5.0,1.0,1.0,2.0,5.0,5,7,5,5,5
mmal.mmal_2.Light,15.8597967388761,0,0,0,25.3302727497789,0.799351928924721,0,0,0,0.832142437409129,0.95347033984715,0,0,0,0.973974864039059,0.02,0,0,0,0.02,1.0,0,0,0,1.0,6,0,0,0,6
dimp.dimp_1.Light,14.6356509695532,7.31903862322383,6.87697052187582,5.86608922546097,31.1801609110843,0.113138003464127,0.00197043699031411,0.035521057217734,-0.0138498471339663,-1.05935929908689,0.99604878863843,0.99513168952319,0.998841494915294,0.999041288932122,0.999732300315347,0.02,0.02,0.02,0.02,0.02,5.0,1.0,1.0,2.0,5.0,8,6,6,7,8
glyclt.glyclt_1.Light,8.91230558547802,12.9388325336011,12.3570143320863,14.7467650902336,8.67221166508313,3.06421416326229,-2.09806237043624,0.682496754792975,-18.551008844386,3.87126153857804,0.999735557360711,0.999270104918007,0.999275641979032,0.995067371969607,0.999854068610838,0.05,0.5,0.5,1.0,0.2,20.0,10.0,100.0,50.0,20.0,9,5,7,6,7
urate.urate_2.Light,0,0,0,0,0,0,0,0,0,0,0,0,0,0,0,0,0,0,0,0,0,0,0,0,0,0,0,0,0,0
succ.succ_1.Light,0.0826541556035959,0.0828456479525034,0.0791029060163443,0.0825674705542867,0.0787509294074459,0.00115211374535846,0.0469592028050314,0.105018809198544,0.0120786601255068,0.00249401716404086,0.999951589464915,0.999496493164827,0.996727317323541,0.99886322920474,0.997840098260091,0.1,0.2,1.0,0.2,0.1,5.0,10.0,20.0,20.0,5.0,6,6,5,7,6
dgmp.dgmp_1.Light,0.050521000035816,45.9578911860939,45.0571584502186,52.8983243272584,0.114335484633132,-0.00168984337040097,0.0553483613930061,-0.0620729477799639,-1.24355454527539,-0.00359081762514579,0.998742215489545,0.99739572681646,0.998669958279832,0.999814559005826,0.999229775289006,0.04,0.008,0.008,0.02,0.04,8.0,0.8,2.0,8.0,8.0,6,7,8,5,7
ade.ade_1.Light,8.08063376451741,5.46177619438132,7.33382727227034,7.00510918417948,6.43897056308449,0.262468604274584,0.0216523439479019,0.0293720704904577,0.0263439914570575,0.342788880314768,0.993384897047898,0.997183203667929,0.996807540039679,0.905953368167756,0.992795054365401,0.004,0.008,0.008,0.008,0.008,0.2,0.2,0.8,0.8,0.8,6,5,7,7,7
trp-L.trp-L_1.Light,15.1771552943613,16.3349945666711,16.5910822735688,18.9845821182282,16.8444791603062,0.177442200187084,0.0240572186894815,0.10461130154945,-0.281627224145071,0.120822268788637,0.998612538654256,0.99929149446008,0.999439176137555,0.993214062552163,0.998167314843099,8e-06,0.008,0.02,0.008,8e-06,4.0,2.0,2.0,4.0,2.0,11,8,7,9,10
glyclt.glyclt_2.Light,4.45914922527104,0,0,0,4.13676702936474,-0.932884184561396,0,0,0,0.688683865906744,0.996979928604062,0,0,0,0.998240208218993,0.5,0,0,0,0.5,20.0,0,0,0,20.0,6,0,0,0,6
adn.adn_1.Light,2.67537806420771,2.41190925455778,3.28204785790765,3.03530435666746,2.8457794102195,0.00757233740948873,0.0199597425988511,-0.016172422191708,-0.193578173685736,0.00588615027872528,0.999972490831123,0.999958639680121,0.999961680915434,0.987759263759256,0.999886489258626,0.001,0.04,0.04,0.4,0.001,4.0,4.0,10.0,10.0,2.0,11,7,8,5,11
gdp.gdp_1.Light,3.72565092228276,0,0,0,3.50235649052276,-0.267978120220632,0,0,0,-0.523658832642619,0.991532537294806,0,0,0,0.999048030819662,0.2,0,0,0,0.2,4.0,0,0,0,8.0,5,0,0,0,6
udp.udp_2.Light,1.4918664680246,0,0,0,1.59596457689295,0.0694382064811315,0,0,0,0.322016933933072,0.999791121613065,0,0,0,0.996014016884723,0.08,0,0,0,0.08,4.0,0,0,0,4.0,6,0,0,0,6
itp.itp_1.Light,1.90603607163861,8.71924254639383,27.5584030042242,28.9807524642643,3.24659723248822,0.0459012735043029,0.38174505746506,0.00676280941093464,0.101066640125187,-0.0565128885992516,0.906111332792207,0.970541814008544,0.999789729273409,0.953747451085589,0.999030707188911,0.02,0.04,0.002,0.0008,0.02,0.8,0.8,0.08,0.08,2.0,5,5,4,7,6
thr-L.thr-L_1.Light,0.801974664244879,0.826516659233973,0.876414345477883,1.0344833623751,0.826496872461656,0.0389060927740761,0.0732112736952255,0.0261176032660184,0.00203743669940758,0.0353421174855194,0.999679637123319,0.998254930945815,0.999770755329063,0.995306025947309,0.999904517108269,0.016,0.064,0.064,0.064,0.016,16.0,6.4,32.0,3.2,32.0,10,7,9,6,11
cmp.cmp_3.Light,0,1.38137442058592,1.34646276273284,1.24802250135996,0,0,0.0222442642968039,0.00316464566375887,-0.0155556674807853,0,0,0.998620114101533,0.999734186806291,0.999609235933861,0,0,0.005,0.005,0.02,0,0,0.2,2.0,5.0,0,0,5,5,8,0
dcmp.dcmp_2.Light,22.2092797178352,0,0,0,22.5291036980134,0.119037165042931,0,0,0,-0.422628614139563,0.999690269543504,0,0,0,0.999237345161266,0.04,0,0,0,0.04,4.0,0,0,0,4.0,7,0,0,0,7
g1p.g1p_1.Light,3.05277949081354,3.13811169800657,0,3.58517720553513,3.92682462007255,0.128581820656584,0.202227037967248,0,-1.26819312474154,-0.0522844508009459,0.999627061310638,0.999047961480833,0,0.999467490051211,0.998436299558352,0.02,0.08,0,0.08,0.04,4.0,8.0,0,40.0,8.0,8,7,0,5,8
accoa.accoa_1.Light,0.24266625129356,0.271581697412763,0.165133375848119,0.241353254747722,0.238434805864348,-0.00055238556396109,-0.000619138102050108,-0.0010943726937149,0.00207801678856527,0.000841066060612418,0.999788595299117,0.998682571637474,0.998637399891811,0.995028836852122,0.998988682861955,0.002,0.04,0.08,0.02,0.002,4.0,4.0,8.0,4.0,4.0,11,7,7,8,11
asp-L.asp-L_1.Light,0,0,0,0,0,0,0,0,0,0,0,0,0,0,0,0,0,0,0,0,0,0,0,0,0,0,0,0,0,0
dcdp.dcdp_1.Light,6.14656471527768,6.45148012017812,6.83738555103704,6.17548198787329,6.68453523347235,-0.566553029229875,0.0699733334213206,0.0320598812547888,-0.217439902773763,-0.356845593685736,0.9998332911362,0.999806759923111,0.999816640362036,0.999105217953352,0.999492285920066,0.4,0.01,0.02,0.1,0.4,10.0,10.0,2.0,4.0,10.0,5,10,6,6,5
actp.actp_1.Light,0.211538999152272,0.00527842906750142,0.00553739267347248,0.00934436239093011,0.127665480548806,-0.0880659649820087,0.000289257421267166,0.000502266965973669,-0.00890986053166241,0.0219173192202122,0.99973067546669,0.999067159260388,0.997533837105684,0.944186392181352,0.999944703856666,0.4,0.1,0.2,0.2,0.2,100.0,10.0,4.0,20.0,200.0,8,7,5,7,8
Lcystin.Lcystin_1.Light,0.0605876761578405,0.0837080285910841,0.0753563086600342,0.123999343154064,0.0710829490687494,-0.00049236276021793,8.89141069820954e-05,-6.7992780595822e-05,0.000396296787198995,-0.000751414303470085,0.997378417221298,0.99573258648616,0.999355254598564,0.999850159309736,0.996951943083237,0.008,0.008,0.008,0.02,0.008,2.0,4.0,0.8,0.4,2.0,8,9,6,3,8
oxa.oxa_2.Light,0.323715569775747,0,0,0,0.20136915432886,5.6802040954151,0,0,0,9.34772249809371,0.995904053440378,0,0,0,0.992462923564956,20.0,0,0,0,20.0,100.0,0,0,0,100.0,3,0,0,0,3
glutacon.glutacon_1.Light,2.28169660376901,3.84450597652787,3.27507522666782,3.8798395863469,2.5725884745,0.0286595150865608,-2.20120253159512,12.2414632846749,7.16564167577336,2.714888672,0.988807345859598,0.998514344338866,0.998520058957591,0.999601136545345,1.0,1.0,2.0,4.0,10.0,1.0,20.0,40.0,100.0,200.0,4.0,5,5,4,4,3
gtp.gtp_1.Light,3.23862438291432,0,0,0,3.72149815562924,0.152093178985398,0,0,0,0.0831636634705765,0.994916241853212,0,0,0,0.994716821416271,0.2,0,0,0,0.2,8.0,0,0,0,8.0,6,0,0,0,5
ala-L.ala-L_2.Light,0.0784876504991886,0,0,0,0.0805808497564461,2.69013847012839,0,0,0,0.757371324508405,0.934595428226522,0,0,0,0.994338072796214,40.0,0,0,0,40.0,200.0,0,0,0,200.0,3,0,0,0,3
adp.adp_1.Light,0.886308867463886,0.593998277787593,0.732470380583985,0.635948198633187,0.836893180085687,0.00410430934000135,0.014581245480538,0.0014480904615012,0.00413090881893277,-0.00266464844694858,0.999701418991198,0.9978916843038,0.999603107074114,0.968917951453895,0.998601861813844,0.004,0.01,0.004,0.01,0.01,2.0,2.0,2.0,1.0,2.0,9,7,8,7,8
gln-L.gln-L_2.Light,0.00883288849334958,0,0,0,0.00927895698477864,0.0379725438198053,0,0,0,0.063242829286331,0.999771556656039,0,0,0,0.996102673381906,20.0,0,0,0,20.0,400.0,0,0,0,400.0,5,0,0,0,5
itp.itp_2.Light,9.36208482703645,0,0,0,7.85874269179689,-0.774757342963693,0,0,0,-0.328216402082387,0.974916307529264,0,0,0,0.99897102716805,0.08,0,0,0,0.08,2.0,0,0,0,2.0,5,0,0,0,5
fad.fad_1.Light,33.6184863626278,13.3506593034162,18.8229050451735,15.3040796084108,37.9623025121291,-0.00646355617083818,-0.031950623320545,-0.241155654934933,0.362954958048899,-0.00696166939291622,0.986224374182132,0.975664129877928,0.975819949338503,0.999135401147101,0.990329130216223,0.0004,0.08,0.08,0.08,0.0004,0.2,0.8,0.8,4.0,0.2,9,4,4,6,8
23dpg.23dpg_2.Light,2.52119807687474,2.0967750852848,1.79167879818791,1.86936862365141,1.52878569610692,0.893752697108332,-0.276604492816865,0.0355746183628796,0.0422096576136417,1.97603284080478,0.988902480117271,0.998604085485544,0.999492888209786,0.999483552275937,0.93691427688698,0.25,0.25,0.025,0.025,0.25,10.0,5.0,10.0,10.0,10.0,6,5,8,7,6
icit.icit_2.Light,27.0199188540123,6.2229769612301,10.9047093678924,6.89609712564341,35.6834786185471,-0.955807186238992,0.398045166002466,-0.00618683573687535,0.253944933600534,-1.24782947655621,0.901013518035617,0.969097915533849,0.999694798145117,0.999340957891297,0.991644983681173,0.08,0.04,0.008,0.04,0.08,0.8,0.8,0.8,4.0,2.0,4,4,4,7,5
his-L.his-L_2.Light,19.6244111918771,0,0,0,21.5916447778562,0.154000864413442,0,0,0,-1.66219437803667,0.999090652769898,0,0,0,0.999386045907981,0.05,0,0,0,0.05,5.0,0,0,0,10.0,7,0,0,0,8
g6p.g6p_1.Light,1.36223224738485,1.27481312592584,1.77800813822687,1.51904872413923,1.2595006088547,0.0750898241214197,0.228181059539293,0.140243544208717,-0.0698321755962118,0.0878162767755628,0.999896058113332,0.999436594247999,0.999912045906071,0.999961019355323,0.999370488322847,0.08,0.2,0.4,0.08,0.2,4.0,8.0,8.0,2.0,8.0,6,6,3,3,6
glyc3p.glyc3p_1.Light,3.51367572121629,2.86278997316708,3.45780214402522,3.05824089513605,3.54146896735781,0.128412338064426,0.0681317006606096,0.0391009188961642,0.160043772624877,0.132020871820201,0.998275312712572,0.997896960620674,0.999614805372554,0.998849137122807,0.998865262020917,0.02,0.004,0.02,0.004,0.02,2.0,1.0,2.0,2.0,2.0,7,8,4,5,7
dgdp.dgdp_1.Light,0.0858859733215598,70.5259148643858,117.082853963964,83.7021722008542,0.0912129853845417,-0.0100689404882124,-1.3906299700425,-2.13611164307397,-0.271436315491045,-0.00969010249957612,0.985507009331952,0.994077287540446,0.997703117498187,0.999753994827624,0.995146670080878,0.1,0.04,0.04,0.02,0.1,2.0,2.0,2.0,2.0,2.0,5,6,6,6,5
ins.ins_1.Light,12.887047527193,12.8333034982215,14.7085838500931,15.6582678662233,13.2274570666834,0.0149326771899675,0.000373865839295241,0.0107118102212044,-0.16103288662574,0.00832262945992656,0.997459077796015,0.99588842542215,0.994806534230369,0.989928385135573,0.997919330344771,0.001,0.004,0.004,0.004,0.001,1.0,0.1,1.0,4.0,1.0,10,5,8,10,10
damp.damp_2.Light,3.74273955958868,7.9602708374781,8.24360953469346,8.04981875306905,3.48745704826074,0.00595715365268757,0.0150789291477596,0.00497984953782446,-0.0432042701036826,0.00168989372777662,0.999751970626155,0.99214908049555,0.999433992285896,0.994772897243203,0.994096638798858,0.008,0.0032,0.0032,0.016,0.008,3.2,0.32,1.6,3.2,3.2,9,7,9,8,9
5oxpro.5oxpro_1.Light,0,38.1245078920704,0.139183746469551,56.3646568298213,0,0,2.63326040530251,-0.0495769013470275,7.20540316716652,0,0,0.998202131582456,0.997358545890336,0.999985690856667,0,0,0.08,0.4,0.16,0,0,1.6,8.0,4.0,0,0,5,5,3,0
mmal.mmal_1.Light,2.1813684974117,1.7242415214113,3.93316925638987,2.63508886491145,2.80911229515118,0.00979112278364518,0.0563690869171401,0.0115922152873725,0.169891525845613,-0.00536370651684136,0.997266530599401,0.985449786410601,0.982667632600194,0.999998666583109,0.999439798587947,0.01,0.02,0.01,0.02,0.01,2.0,2.0,0.2,10.0,5.0,8,5,5,5,9
dtdpglu.dtdpglu_1.Light,0,98.9748615747674,68.0317003322086,73.0527032833188,0,0,-0.074614098816835,-0.0348509152138599,-0.0119451597006955,0,0,0.997844683243435,0.990971652534431,0.991270701007417,0,0,0.002,0.0008,0.002,0,0,0.08,0.02,0.4,0,0,5,5,6,0
asn-L.asn-L_1.Light,0.862482053227103,0.905689641913306,0.870732672482987,0.767905506178281,0.852863009882562,-0.00615963190074044,-0.107185697477132,0.0492114890262446,-0.00313083927778143,0.00533861819622722,0.99786389659479,0.994036970839563,0.999701329272626,0.999440050269264,0.999225832472901,0.02,0.2,0.2,0.2,0.02,20.0,4.0,8.0,4.0,20.0,10,5,6,5,10
g1p.g1p_2.Light,17.2452848528192,0,0,0,19.2747505347366,-1.49525604025365,0,0,0,-4.21193790166804,0.998651816541884,0,0,0,0.984919688028736,0.2,0,0,0,0.2,8.0,0,0,0,8.0,6,0,0,0,6
ru5p-D.ru5p-D_2.Light,2.22747392221149,0,0,0,1.64952502979854,0.00984221199920679,0,0,0,0.0636187104427323,0.999496752953531,0,0,0,0.994888259708941,0.032,0,0,0,0.032,8.0,0,0,0,8.0,8,0,0,0,8
prpp.prpp_2.Light,0,0,0,0,0,0,0,0,0,0,0,0,0,0,0,0,0,0,0,0,0,0,0,0,0,0,0,0,0,0
dadp.dadp_2.Light,5.34679497815301,0,0,0,5.2765212235369,0.0995582301809886,0,0,0,0.049595689978025,0.994320297038801,0,0,0,0.988834450531054,0.08,0,0,0,0.08,2.0,0,0,0,2.0,5,0,0,0,5
gsn.gsn_2.Light,10.7714544206549,0,0,0,10.17718308994,-0.0294835879313912,0,0,0,-0.0303819931307509,0.993081560015028,0,0,0,0.994604675179602,0.004,0,0,0,0.004,1.0,0,0,0,1.0,8,0,0,0,8
gmp.gmp_2.Light,0.204202641912014,0,0,0,0.381311464851702,0.184146367477744,0,0,0,-0.228311178042126,0.999522087615847,0,0,0,0.995462681856763,0.4,0,0,0,0.4,20.0,0,0,0,20.0,6,0,0,0,6
acac.acac_1.Light,0,0.877995069073417,0,1.08194335119596,0,0,1.31811987701766,0,4.62949834662938,0,0,0.999073005858367,0,0.993947204524502,0,0,2.0,0,4.0,0,0,20.0,0,100.0,0,0,4,0,5,0
xan.xan_1.Light,0.884955155872317,0.984257286701178,1.13100672618101,0.776001833570743,0.875066382105505,0.00196711140932327,0.00107085360436021,1.88263349957386e-07,0.00177876899118757,0.00273508437047471,0.998984780307081,0.997984672026239,0.999445206162237,0.995606225442575,0.999508991080707,0.0016,0.0016,0.0016,0.008,0.0016,0.4,0.8,0.4,8.0,0.4,8,9,8,10,8
gthox.gthox_2.Light,0,0,0,0,0,0,0,0,0,0,0,0,0,0,0,0,0,0,0,0,0,0,0,0,0,0,0,0,0,0
dhap.dhap_1.Light,2.10827509273144,1.61967435301344,1.80989482691164,1.7821040765319,2.16063888629998,0.0121913667265978,-0.0159863313171911,-0.00627797712316752,0.00673306072512244,-0.0183798713431711,0.999966839463691,0.999612383185853,0.996373661819251,0.998566732150195,0.999714364605489,0.01,0.05,0.02,0.02,0.02,5.0,2.0,2.0,5.0,5.0,9,6,7,8,8
imp.imp_1.Light,6.08987603915677,2.57436482630829,2.38850331371431,2.83679786030629,5.19780312887846,-0.0898224697887205,0.00567582390404689,0.00949280972715978,-0.00529717615234616,-0.113868181509725,0.995859717281799,0.9981879930943,0.999753764062965,0.999988973655813,0.998501376960914,0.05,0.002,0.01,0.005,0.05,2.0,1.0,2.0,10.0,5.0,6,9,8,10,7
uri.uri_1.Light,6.14511448999177,5.37535700817947,5.33981039224673,7.97118930823161,6.27456804235445,0.0391433076488707,0.00694612155354362,0.0767419150351186,-0.0321421362404912,0.0396500000760188,0.998718789135679,0.999253747960783,0.999627741999601,0.974387690141065,0.999298596113124,0.002,0.008,0.02,0.008,0.002,2.0,0.2,4.0,0.08,2.0,10,5,8,4,10
fad.fad_2.Light,48.8335485532641,0,0,0,57.3889225769031,-0.149504874277965,0,0,0,-0.303206099417734,0.985782624935499,0,0,0,0.99667085494645,0.008,0,0,0,0.008,0.2,0,0,0,0.2,5,0,0,0,5
g6p.g6p_2.Light,1.28101457062877,1.41494821813436,1.31366961234908,1.05290949606217,1.15568900261869,0.0399061901651882,0.217324064662856,0.181766478164368,-1.47584165995185,0.0399608463741663,0.991497643851159,0.999337306717343,0.999811396937108,0.999594922535785,0.999165996925278,0.04,0.4,0.4,2.0,0.04,4.0,8.0,8.0,200.0,8.0,7,5,3,4,8
urate.urate_1.Light,0,0.202820106057365,0.364086959653552,0,0,0,-0.00157390447202638,0.0057465486283096,0,0,0,0.991207427252434,0.83055624330057,0,0,0,0.016,0.016,0,0,0,0.8,0.16,0,0,0,6,4,0,0
hxan.hxan_1.Light,1.12100758866115,1.40225157760869,2.31823140546536,1.19571203853695,1.37203218081733,0.000612786604924378,0.000960459255875168,-0.000129036569759135,0.00696505896628257,0.00162876759121812,0.998756096844063,0.990340374914437,0.999590243299804,0.968432730931835,0.999358022760258,0.0002,0.0004,0.0008,0.004,0.0008,0.08,0.08,0.02,0.4,0.2,9,8,5,7,8
ctp.ctp_2.Light,12.058340649477,0,0,5.58268480462769,12.8805778279963,-0.334515678213334,0,0,0.000746558613714095,-0.729639374116958,0.996165878280716,0,0,0.999764837853789,0.996194626533154,0.04,0,0,0.001,0.04,2.0,0,0,0.1,2.0,6,0,0,4,6
f1p.f1p_2.Light,2.4932270701194,0,0,0,2.85796277324303,0.0783103332836717,0,0,0,-0.0633503137661585,0.993538883597328,0,0,0,0.99412891401913,0.08,0,0,0,0.08,2.0,0,0,0,2.0,5,0,0,0,5
datp.datp_1.Light,15.8107358279051,0,0,0,17.1099401847285,0.559796099075305,0,0,0,0.64697309054699,0.996275268604474,0,0,0,0.999026606459776,0.008,0,0,0,0.0008,2.0,0,0,0,2.0,8,0,0,0,8
ditp.ditp_2.Light,1.44655140038484,44.4825402129989,83.0996920679577,24.2443918148368,2.27796251582592,1.36585926087609,17.9984807738942,12.4545961507109,34.6293502144409,0.800290848704572,0.984899121552153,0.976991558951209,0.998961350265796,0.995957509381374,0.993540288492739,0.2,0.08,0.02,0.08,0.2,4.0,4.0,4.0,8.0,8.0,5,5,5,4,6
lac-L.lac-L_1.Light,0.348270252231492,0.395648462013728,0.483034050649369,0.470387368519348,0.376779804371622,0.732079189943013,0.533477764932465,0.0668411628107506,-0.00244399316009818,0.455448609232891,0.998404630041804,0.998363595963502,0.998341014234435,0.99543394173262,0.998922931056356,1.0,2.0,0.2,2.0,1.0,40.0,40.0,20.0,40.0,40.0,6,5,6,5,6
dump.dump_2.Light,0.501694984041044,23.1899431875635,21.3035546117852,7.71311916931988,0.414430646900461,0.00236985598017214,0.00156554587969857,-0.0404885345366985,-0.00319949189068465,-0.000387153736808482,0.986180432257378,0.998910459084585,0.981026002547822,0.999977412061114,0.989275147672111,0.008,0.0008,0.002,0.002,0.008,0.4,0.08,0.08,4.0,0.8,6,7,7,6,7
oaa.oaa_1.Light,0.833672691039342,1.87440233619842,2.07637328426454,57.9861898869206,1.5138843635585,1.22458772341545,0.130269654890818,0.0424160189842314,3.52434003027353,2.73160697192084,0.999722019783385,0.998473323411806,0.99596484307345,0.999773522585,0.999892997814258,1.0,0.2,0.04,0.1,1.0,40.0,4.0,10.0,2.0,40.0,5,5,5,3,4
dctp.dctp_1.Light,14.5694366437818,0,0,0,18.959223640531,0.0393160419991382,0,0,0,1.26551793387683,0.992753418902323,0,0,0,0.992106969349892,0.01,0,0,0,0.04,1.0,0,0,0,2.0,7,0,0,0,6
his-L.his-L_1.Light,10.5328933398065,10.721878623553,12.40825870909,15.2558200264212,11.6729041163431,0.0538665405601236,-0.0101787822473158,0.0396788296194985,-0.160700317323489,-0.464314478367202,0.999780314501635,0.999886002134223,0.999877922614206,0.994174484899674,0.999807248673402,0.05,0.2,0.2,0.2,0.05,5.0,20.0,10.0,2.0,10.0,7,6,6,4,8
r5p.r5p_1.Light,10.6714924353487,12.6135305437904,18.2969627413007,10.7693790395417,6.80124679760406,0.0287295905370078,0.0945621500522508,0.0662233324729264,0.345273909035568,-0.0285924932933989,0.992213341321186,0.996029467860999,0.999159959389195,0.992448239306568,0.997839952586893,0.005,0.01,0.01,0.01,0.01,1.0,1.0,1.0,5.0,2.0,8,7,4,8,8
35cgmp.35cgmp_1.Light,9.99868680122781,13.4512514817635,17.0683231891267,13.734105597793,19.6732805584643,-0.00205466001047154,0.00282516957956833,-0.00382161144980842,0.00106841458771431,0.00896160660437804,0.996470042774169,0.990690100645117,0.998401581980644,0.995775203736509,0.990118180611671,0.0004,0.001,0.002,0.001,0.0004,0.2,0.1,2.0,0.1,0.4,8,7,10,7,10
tyr-L.tyr-L_2.Light,1.43480923366235,0,0,0,1.0598254995052,0.0524767448188041,0,0,0,0.0487686831925152,0.998534146826875,0,0,0,0.997754035384912,0.01,0,0,0,0.01,10.0,0,0,0,10.0,10,0,0,0,10
glyc3p.glyc3p_2.Light,0.509395773555358,0,0,0,0.542031401273375,0.0201727786574527,0,0,0,0.019831379749574,0.998896146692074,0,0,0,0.999880550731207,0.02,0,0,0,0.02,2.0,0,0,0,2.0,7,0,0,0,7
gthrd.gthrd_1.Light,0.0376870655367581,0.0465113389986608,0.0436325085235427,0.0505225866310806,0.04232395929468,0.00216209460703606,4.00276433105708e-05,0.000688557681045159,-0.0153328407240974,-0.00123913034494725,0.997760787464882,0.997648732412957,0.999908367672151,0.999207015155757,0.999797918826716,0.04,0.04,0.04,0.1,0.04,10.0,2.0,4.0,40.0,10.0,8,6,4,5,8
dutp.dutp_2.Light,0.339624690293555,0.519225104542554,0.215635172484583,0.296705081790712,0.224996928441928,-0.437609456139375,0.0770461466638286,-0.00501915926453321,-0.00597040559151745,-0.0848935378141693,0.988056040309173,0.996478037707374,0.999979822006086,0.995151060232924,0.994772352764629,1.0,1.0,0.1,0.1,1.0,10.0,10.0,10.0,2.0,10.0,4,4,4,3,4
23dpg.23dpg_1.Light,15.3951885621805,11.363794000738,9.47370471817671,8.16822983168032,12.5691294889486,-0.0353678976256755,-0.0645444185085998,0.180865176671941,0.132955003505199,0.429393017273596,0.999460787732025,0.999803774988822,0.999948313516404,0.994309897004567,0.994016867274206,0.05,0.025,0.025,0.01,0.05,5.0,2.5,5.0,1.0,5.0,6,7,7,7,7
pep.pep_2.Light,0.592900183653346,0,0,0,0.796366139242499,0.00900698759444534,0,0,0,-0.0105444139443361,0.99398409572929,0,0,0,0.997226056426966,0.008,0,0,0,0.008,2.0,0,0,0,2.0,8,0,0,0,8
nadh.nadh_2.Light,5.90143689324309,28.7884913296832,0,12.0215070762984,3.10595951075759,0.0962989425645182,0.0677981607329986,0,0.0341783569473184,-0.00663768787497239,0.869168722988919,0.995705162539338,0,0.999795898605748,0.976557633692492,0.008,0.008,0,0.004,0.008,0.4,0.4,0,4.0,0.4,6,6,0,8,6
nadph.nadph_2.Light,2603.82865675941,1877.92764162703,0,2817.77309031874,1674.00695378682,-30.1841796763956,-2.7537703956361,0,-5.77394822238969,-6.51816018049308,0.993408031524318,0.9995437238443,0,0.995591277858131,0.990875966615841,0.02,0.004,0,0.002,0.02,0.8,0.2,0,0.4,0.8,5,6,0,7,5
5oxpro.5oxpro_2.Light,10.2857153531569,0,0,0,13.3317535243468,2.49613124969213,0,0,0,0.934469255395944,0.995263020853023,0,0,0,0.998989611259709,0.16,0,0,0,0.16,4.0,0,0,0,4.0,5,0,0,0,5
amp.amp_1.Light,0.33951413642922,0.347803885441914,0.363445197867237,0.384601214382033,0.323513256203473,0.000846302564335023,0.00196351409075047,-0.000773713130065004,-0.0281637603362045,-0.000414470954557915,0.996961806045062,0.999780126430266,0.99956809065229,0.996798542312175,0.999782500340049,0.002,0.008,0.008,0.2,0.002,0.8,4.0,8.0,8.0,2.0,9,9,10,6,10
btn.btn_1.Light,64.4601605331681,107.170584093077,0,118.376969949142,76.6081354483849,-0.00821808770835149,0.781234359287274,0,-1.75264191677047,-0.0659794397890499,0.99797361450877,0.999708046522432,0,0.999595042898695,0.999116444565259,0.01,0.05,0,0.02,0.02,1.0,2.0,0,5.0,1.0,6,6,0,8,4
gtp.gtp_2.Light,1.61271886569995,4.51016795149922,5.95646432405314,4.61239588747635,1.53532187614644,1.12237554840585,0.107670594084617,-0.0329423400398123,0.0134597179891118,2.16489552445872,0.989604166103511,0.997986044940938,0.99971531593731,0.998376350490424,0.953014272533636,0.8,0.08,0.02,0.02,0.8,8.0,4.0,2.0,4.0,8.0,4,6,5,8,4
damp.damp_1.Light,7.66203940907523,0,0,0,7.88835790764919,0.0130273331063947,0,0,0,0.0144142019049007,0.99839520885857,0,0,0,0.996835966778285,0.0008,0,0,0,0.0008,1.6,0,0,0,0.8,11,0,0,0,9
pyr.pyr_2.Light,0,0,0,0,0,0,0,0,0,0,0,0,0,0,0,0,0,0,0,0,0,0,0,0,0,0,0,0,0,0
prpp.prpp_1.Light,0,0,0,0,0,0,0,0,0,0,0,0,0,0,0,0,0,0,0,0,0,0,0,0,0,0,0,0,0,0
g3p.g3p_1.Light,0,0,0,0,0,0,0,0,0,0,0,0,0,0,0,0,0,0,0,0,0,0,0,0,0,0,0,0,0,0
gam6p.gam6p_2.Light,3.46635573728196,0,0,0,3.29816418616383,0.191845857264097,0,0,0,-0.11642598845367,0.998721748466029,0,0,0,0.997099838757503,0.08,0,0,0,0.08,8.0,0,0,0,8.0,7,0,0,0,7
oxa.oxa_1.Light,2.35576797046841,1.22591567910678,1.34764259785192,0.688162170715193,1.52984530332721,-7.1612805247572,4.71010068231714,3.49839134631173,2.30599926389341,11.5877185326118,0.921741201195667,0.999719024038456,0.999944998460288,0.961152256642655,0.974520950633308,2.0,2.0,1.0,2.0,4.0,40.0,200.0,100.0,200.0,40.0,5,7,4,7,3
tyr-L.tyr-L_1.Light,2.2951144354837,2.24507368836619,2.6963463686757,2.71900114377567,2.16056046968452,0.00853564910699963,0.0776134222876402,0.0178078232857443,0.339135526313382,0.00711655069014046,0.999695158879158,0.997746323682527,0.999948475654211,0.999872509821324,0.999984210673608,0.002,0.04,0.04,0.1,0.002,4.0,4.0,2.0,10.0,4.0,11,7,6,4,11
camp.camp_2.Light,13.7303747595852,0,0,0,7.01241407103054,0.0106476027853932,0,0,0,0.00792883454047595,0.991096164723066,0,0,0,0.99938536733961,0.0008,0,0,0,0.0008,0.4,0,0,0,0.4,9,0,0,0,5
nadph.nadph_1.Light,1083.96225929269,698.886101303118,354.308802112571,871.554323223816,640.279731886424,-1.28235950020543,-1.26193668431536,0.108958271878334,0.0477517085809998,0.213974876487872,0.989624216106498,0.99846450037736,0.999986704908465,0.995434401559399,0.999945317325342,0.0008,0.004,0.0008,0.0008,0.0008,2.0,0.2,2.0,0.08,2.0,10,6,6,7,8
imp.imp_2.Light,11.1953289384405,0,0,0,12.5350494457991,0.757719265174641,0,0,0,-1.12455085208417,0.993509642138766,0,0,0,0.999920031638568,0.1,0,0,0,0.1,5.0,0,0,0,10.0,6,0,0,0,7
atp.atp_2.Light,0.370509929639251,0.443941595828242,0.546770022763649,0.714841762066881,7.01402700226248,0.0626518219677322,0.0910585189613117,0.00383319037842231,0.0311499773789452,0.936952363278076,0.958958634127799,0.996725577866352,0.998093398270508,0.972233724329021,0.989381983204595,0.04,0.2,0.008,0.02,0.2,4.0,2.0,0.2,0.8,4.0,7,4,5,6,5
pep.pep_1.Light,4.51403959710228,3.76122783262652,4.26004303555832,4.38287589282908,4.73700638420833,0.0257891400671882,0.00802429125319978,0.00558214804073905,-0.00031201906117521,0.0387526526667762,0.999287480613978,0.999137124116773,0.996956368371801,0.958252425492633,0.999629317988147,0.002,0.008,0.008,0.008,0.002,4.0,0.8,0.8,0.8,4.0,11,7,4,7,10
thym.thym_1.Light,24.6230534797574,19.4375078833516,24.8164476724778,24.7413613400291,25.2931669097758,0.00842419745545215,0.0365473003343292,-0.00542809348251924,0.0110947678085079,0.0225126311643165,0.996665571271319,0.999579561407427,0.99746906889691,0.994672224791463,0.999458264880745,0.002,0.004,0.004,0.004,0.002,1.0,1.0,1.0,0.04,1.0,9,8,8,4,9
35cgmp.35cgmp_2.Light,5.53585487603538,0,0,0,13.1465086484668,0.00691645792445114,0,0,0,-0.0170462249655241,0.985627655284066,0,0,0,0.999099774436112,0.004,0,0,0,0.004,0.2,0,0,0,0.2,6,0,0,0,6
acon-C.acon-C_2.Light,43.5788151060681,0,0,0,41.0875438058272,1.18258475813658,0,0,0,0.559410801950583,0.99851326582495,0,0,0,0.999254805758671,0.02,0,0,0,0.02,2.0,0,0,0,2.0,6,0,0,0,6
ditp.ditp_1.Light,4.83513886522099,0,0,0,6.4296239848126,4.1550729894048,0,0,0,3.5509078504275,0.997972799211689,0,0,0,0.983180210382637,0.04,0,0,0,0.2,4.0,0,0,0,8.0,7,0,0,0,6
dtdpglu.dtdpglu_2.Light,0,0,0,0,0,0,0,0,0,0,0,0,0,0,0,0,0,0,0,0,0,0,0,0,0,0,0,0,0,0
ura.ura_1.Light,0.564243703179948,0.392289096460671,0.56022160152163,0.417141181022435,0.539363705788878,0.00213535815766587,0.0149761071645455,-0.00635132447369859,0.0123853268467337,0.00543748758754778,0.999822411965584,0.999371804810439,0.996504831727266,0.996684691952762,0.999791306239042,0.002,0.08,0.08,0.08,0.002,4.0,4.0,0.8,2.0,4.0,10,6,4,5,11
asn-L.asn-L_2.Light,0.203626009903194,0,0,0,0.200100722993522,-0.0104490237835198,0,0,0,-0.0181427485058855,0.999937199905355,0,0,0,0.999595186583082,0.04,0,0,0,0.04,20.0,0,0,0,20.0,9,0,0,0,9
g3p.g3p_2.Light,0,0,0,0,0,0,0,0,0,0,0,0,0,0,0,0,0,0,0,0,0,0,0,0,0,0,0,0,0,0
icit.icit_1.Light,65.32943939124,0,0,0,70.6860033873214,-3.13578251808303,0,0,0,-2.20839898590903,0.998837179336564,0,0,0,0.99399639930216,0.04,0,0,0,0.04,4.0,0,0,0,2.0,6,0,0,0,6
ribflv.ribflv_1.Light,270.325583944361,174.072724056816,175.72452533132,181.098126572926,265.185265722,0.332037844658866,-0.710917678123433,-0.405263760164722,-0.565911118382696,0.743323233466211,0.994152385472593,0.998930499348712,0.984778280177315,0.999860928951807,0.946485276393823,0.002,0.008,0.008,0.02,0.002,0.8,2.0,0.8,8.0,0.8,8,8,7,9,8
dutp.dutp_1.Light,0.7601957486276,0,0,0,0.751874979085816,-0.00873938913697184,0,0,0,-0.107684816879296,0.994185150064979,0,0,0,0.999443614474684,0.04,0,0,0,0.4,10.0,0,0,0,10.0,7,0,0,0,5
dump.dump_1.Light,0.775502369062901,0,0,0,0.58339963865735,0.00157598122792072,0,0,0,0.00105389523817151,0.995614304188032,0,0,0,0.997172162094118,0.002,0,0,0,0.002,0.2,0,0,0,0.8,7,0,0,0,9
adp.adp_2.Light,2.23512981938104,0,0,0,2.87854339863377,0.0432243355631285,0,0,0,-0.0566286189403146,0.998540075226785,0,0,0,0.997425962617906,0.04,0,0,0,0.04,2.0,0,0,0,2.0,6,0,0,0,6
lac-L.lac-L_2.Light,0.0462305738195965,0,0,0,0.0509896843484248,0.19958785210252,0,0,0,0.111241864933378,0.997883385805922,0,0,0,0.998901049952237,2.0,0,0,0,2.0,200.0,0,0,0,200.0,7,0,0,0,7
dttp.dttp_2.Light,7.10764468900243,0.661009303487831,5.32552718540685,8.01963953761828,7.1568518171555,0.118532287603364,0.566395519104931,0.0207518188049426,0.026311287130036,0.0341518007735503,0.930526777810317,0.98451885791975,0.999999739178656,0.999884459372726,0.994743777958758,0.002,0.02,0.002,0.002,0.002,0.2,0.8,0.04,0.04,2.0,7,6,3,3,10
ins.ins_2.Light,2.52855510441426,0,0,0,2.50188371805998,0.0152472596799926,0,0,0,8.02249252152307e-05,0.999599383272273,0,0,0,0.999447239144918,0.002,0,0,0,0.002,2.0,0,0,0,2.0,10,0,0,0,10
dhap.dhap_2.Light,2.41044189456359,0,0,0,2.3909200444273,0.00601177337201535,0,0,0,-0.0229212468963768,0.999964104902189,0,0,0,0.999947125388968,0.02,0,0,0,0.02,5.0,0,0,0,5.0,8,0,0,0,8
fol.fol_2.Light,0,0,0,0,0,0,0,0,0,0,0,0,0,0,0,0,0,0,0,0,0,0,0,0,0,0,0,0,0,0
nadp.nadp_2.Light,1.02765737881142,0,0,0,1.04951026248876,0.00657478842305745,0,0,0,-0.00619510268950675,0.998380218311428,0,0,0,0.999724689487517,0.02,0,0,0,0.02,2.0,0,0,0,2.0,6,0,0,0,6
camp.camp_1.Light,32.1942533289856,31.2675149251379,30.6733324179195,29.0864304527653,34.0729257373415,0.00297317450520647,0.00165572962196044,-0.00653713289637269,0.00669114770941051,0.00580700442127294,0.995704943027498,0.999932948144525,0.999815961467654,0.99956977160894,0.998408832374733,4e-05,0.0002,0.0008,0.0008,0.0002,0.08,0.4,0.4,0.2,0.4,11,9,9,8,11
dgdp.dgdp_2.Light,0,0,0,0,0,0,0,0,0,0,0,0,0,0,0,0,0,0,0,0,0,0,0,0,0,0,0,0,0,0
udp.udp_1.Light,3.77563810814088,0,0,0,3.42457523381208,0.0287060580031887,0,0,0,0.112731103186773,0.998692997136757,0,0,0,0.999794304677604,0.004,0,0,0,0.008,2.0,0,0,0,4.0,9,0,0,0,8
cit.cit_2.Light,5.10278854756209,5.87813587514044,1.96151369114,6.29282178419365,3.96215955864276,-3.02838511464979,0.183905774757813,0.189140691302574,-0.524837105270291,-1.95801190133625,0.989166708465261,0.995173502753295,0.99976928640522,0.992153603274495,0.999894666507656,0.8,0.08,0.04,0.4,0.8,4.0,4.0,4.0,4.0,20.0,3,4,6,4,4
orn.orn_1.Light,0.0535592278971539,0.042236028779384,0.0543365631656478,0.0891188341097889,0.124241555486661,-0.148849482667985,0.205300509660388,-2.34436062369199,-0.608680853076588,-0.384081956772212,0.99895100114092,0.992569621725856,0.968222242485267,0.999373611867943,0.998777932524469,5.0,10.0,50.0,10.0,5.0,500.0,500.0,1000.0,200.0,500.0,6,6,5,4,6
datp.datp_2.Light,18.0140467377909,22.0015127622739,18.3707724128996,26.6432037261116,20.3548489176492,0.827513021454142,0.496107529084954,0.452395958626434,0.276755517311126,1.14309454103447,0.992926960605137,0.998804040461293,0.997779414648919,0.978674134264065,0.998050692339635,0.008,0.08,0.02,0.008,0.008,2.0,2.0,4.0,0.4,2.0,8,5,5,6,7
nad.nad_1.Light,0.433633981356153,0.498051999616842,0.394583545795408,0.47452332568157,0.423849973269914,0.000174740890800524,-0.000364310503904076,0.00084516401964929,0.00117010403937612,-4.71448004788283e-05,0.998919794674021,0.997177399719493,0.999881457845071,0.989562018903991,0.999985740156732,0.0008,0.008,0.008,0.008,0.0008,0.8,0.8,4.0,0.8,4.0,10,7,9,7,12
adpglc.adpglc_2.Light,0,0,0,0,0,0,0,0,0,0,0,0,0,0,0,0,0,0,0,0,0,0,0,0,0,0,0,0,0,0
btn.btn_2.Light,62.1329208686956,0,0,0,56.8639130007872,0.0920826018738304,0,0,0,-0.418408651396247,0.998190901448842,0,0,0,0.999695885759396,0.02,0,0,0,0.02,1.0,0,0,0,1.0,5,0,0,0,4
dttp.dttp_1.Light,1.32895037127016,0,0,0,23.2333050125404,0.169439059445055,0,0,0,0.444858525562696,0.818811589279814,0,0,0,0.979810668197845,0.002,0,0,0,0.002,0.4,0,0,0,0.8,7,0,0,0,9
nad.nad_2.Light,0.241844430812713,0,0,0,0.234438497188294,-0.00127192047285258,0,0,0,0.00149227829995118,0.998612840658005,0,0,0,0.999994549415539,0.02,0,0,0,0.008,8.0,0,0,0,20.0,9,0,0,0,11
nadp.nadp_1.Light,2.6014263656142,2.2614015031025,2.32199732797289,2.39704463696113,2.79791556294147,0.00334167535040458,0.00360248282351661,-0.00375237759949485,0.000239369232929648,-0.00588261592885872,0.999730561336609,0.998534704616539,0.996560389345803,0.985723186312049,0.998609745785412,0.002,0.002,0.004,0.0008,0.002,2.0,0.4,0.8,0.8,0.8,9,8,8,10,9
uri.uri_2.Light,6.86092695339451,0,0,0,6.88565758490844,0.0111415006160912,0,0,0,-0.0411255434742343,0.999249103438383,0,0,0,0.99931276330257,0.004,0,0,0,0.004,2.0,0,0,0,2.0,9,0,0,0,9
ser-L.ser-L_1.Light,4.46923328716266,3.84816579284947,4.91198073020501,3.95319151651841,4.53902727256687,0.467955253947316,0.139683391828478,0.0770459459401493,0.351699391974719,0.942453494041067,0.999643660632914,0.99764947331862,0.999950961224884,0.994372176100476,0.99965151620209,0.1,0.2,0.04,0.04,0.1,20.0,20.0,2.0,4.0,40.0,8,7,6,7,9
Pool_2pg_3pg.Pool_2pg_3pg_2.Light,0.24617573466628,0,0,0,0.211770068651989,0.698079056267903,0,0,0,0.634054382335819,0.959821316794214,0,0,0,0.995670872300681,1.0,0,0,0,1.0,10.0,0,0,0,20.0,4,0,0,0,5
fdp.fdp_2.Light,0.471126387964498,0.48065877675692,0.479669507424471,0.609843843852199,0.596146991925031,0.211969729833119,0.000282996462332544,0.00347388127659045,-0.0101719520356306,0.146738002014621,0.999725293057085,0.999841795179381,0.99998129543151,0.999932945207636,0.999042214515833,0.2,0.02,0.01,0.1,0.2,5.0,5.0,5.0,10.0,5.0,4,8,5,6,4
gdp.gdp_2.Light,1.88921963640118,4.98357244045517,5.20579494774503,5.029570884016,1.45848801771778,-1.3295967796218,0.0702384194870152,0.0509548766862027,0.0427532421000261,-0.802595276072947,0.998250314384291,0.999880688969175,0.99978829304483,0.999957427988007,0.998808005526883,0.8,0.02,0.02,0.02,0.8,8.0,4.0,4.0,8.0,8.0,4,7,8,9,4
gln-L.gln-L_1.Light,0.11508368325854,0.154082972280682,0.157893180424479,0.149616098079592,0.136154675304962,0.586329631011059,-3.67658546314707e-05,0.00331275649442411,-0.00235171536872608,0.186893465752148,0.993676731145853,0.999413673992958,0.99972247980189,0.999178827138256,0.998059926763335,0.8,0.08,0.08,0.2,0.8,200.0,4.0,8.0,4.0,200.0,8,6,7,5,8
fol.fol_1.Light,0,303.945855759002,322.722405652583,464.655029893232,0,0,-2.56137839613384,-0.932321053434412,1.6547356368972,0,0,0.988631886269458,0.961179000161309,0.999284509364054,0,0,0.008,0.008,0.02,0,0,0.4,0.8,2.0,0,0,6,7,4,0
Hexose_Pool_fru_glc-D.Hexose_Pool_fru_glc-D_2.Light,0.00137328884096598,0,0,0,0.00144579586343034,0.00086792314675528,0,0,0,-0.000373878113178411,0.999784112991077,0,0,0,0.999855350221111,1.0,0,0,0,1.0,100.0,0,0,0,100.0,6,0,0,0,6
dctp.dctp_2.Light,3.71009433891968,10.9027910259674,17.7168698771246,18.0718231156675,4.33526712289327,-0.0121175750992511,4.57849629290427,0.0303800734801689,0.00413769210574439,0.4100872723693,0.996231698600983,0.985615407806378,0.998975211227707,0.984994716568878,0.993355117487113,0.04,1.0,0.01,0.01,0.04,4.0,10.0,1.0,1.0,4.0,7,4,5,7,7
